$ sudo cat /var/log/userdata.log
+ echo '### Installing the SSM Agent ###'
### Installing the SSM Agent ###
+ mkdir /tmp/ssm
+ cd /tmp/ssm
+ wget -q https://s3.amazonaws.com/ec2-downloads-windows/SSMAgent/latest/debian_amd64/amazon-ssm-agent.deb
+ sudo dpkg -i amazon-ssm-agent.deb
Selecting previously unselected package amazon-ssm-agent.
(Reading database ... 30199 files and directories currently installed.)
Preparing to unpack amazon-ssm-agent.deb ...
Preparing for install
-> Systemd detected
inactive
Failed to stop amazon-ssm-agent.service: Unit amazon-ssm-agent.service not loaded.
Unpacking amazon-ssm-agent (3.3.4515.0-1) ...
Setting up amazon-ssm-agent (3.3.4515.0-1) ...
Starting agent
Created symlink '/etc/systemd/system/multi-user.target.wants/amazon-ssm-agent.service' → '/usr/lib/systemd/system/amazon-ssm-agent.service'.
+ echo '### Installing Nginx and php'
### Installing Nginx and php
+ echo '### Updating package lists ###'
### Updating package lists ###
+ wait_for_dpkg_lock
+ sudo fuser /var/lib/dpkg/lock-frontend
+ sudo fuser /var/lib/apt/lists/lock
+ sudo apt-get update -y
Get:1 file:/etc/apt/mirrors/debian.list Mirrorlist [38 B]
Get:2 file:/etc/apt/mirrors/debian-security.list Mirrorlist [47 B]
Get:3 https://cdn-aws.deb.debian.org/debian trixie InRelease [140 kB]
Get:4 https://cdn-aws.deb.debian.org/debian trixie-updates InRelease [47.3 kB]
Get:5 https://cdn-aws.deb.debian.org/debian trixie-backports InRelease [54.0 kB]
Get:6 https://cdn-aws.deb.debian.org/debian-security trixie-security InRelease [43.4 kB]
Get:7 https://cdn-aws.deb.debian.org/debian trixie/main Sources [10.5 MB]
Get:8 https://cdn-aws.deb.debian.org/debian trixie/main amd64 Packages [9671 kB]
Get:9 https://cdn-aws.deb.debian.org/debian trixie/main Translation-en [6485 kB]
Get:10 https://cdn-aws.deb.debian.org/debian trixie-updates/main Sources [2788 B]
Get:11 https://cdn-aws.deb.debian.org/debian trixie-updates/main amd64 Packages [5412 B]
Get:12 https://cdn-aws.deb.debian.org/debian trixie-updates/main Translation-en [4096 B]
Get:13 https://cdn-aws.deb.debian.org/debian trixie-backports/main Sources [255 kB]
Get:14 https://cdn-aws.deb.debian.org/debian trixie-backports/main amd64 Packages [275 kB]
Get:15 https://cdn-aws.deb.debian.org/debian trixie-backports/main Translation-en [202 kB]
Get:16 https://cdn-aws.deb.debian.org/debian-security trixie-security/main Sources [170 kB]
Get:17 https://cdn-aws.deb.debian.org/debian-security trixie-security/main amd64 Packages [195 kB]
Get:18 https://cdn-aws.deb.debian.org/debian-security trixie-security/main Translation-en [121 kB]
Fetched 28.2 MB in 3s (8882 kB/s)
Reading package lists...
+ echo '### Installing Nginx ###'
### Installing Nginx ###
+ wait_for_dpkg_lock
+ sudo fuser /var/lib/dpkg/lock-frontend
+ sudo fuser /var/lib/apt/lists/lock
+ sudo apt-get install -y nginx
Reading package lists...
Building dependency tree...
Reading state information...
The following additional packages will be installed:
  nginx-common
Suggested packages:
  fcgiwrap nginx-doc ssl-cert
The following NEW packages will be installed:
  nginx nginx-common
0 upgraded, 2 newly installed, 0 to remove and 78 not upgraded.
Need to get 721 kB of archives.
After this operation, 1900 kB of additional disk space will be used.
Get:1 file:/etc/apt/mirrors/debian-security.list Mirrorlist [47 B]
Get:2 https://cdn-aws.deb.debian.org/debian-security trixie-security/main amd64 nginx-common all 1.26.3-3+deb13u5 [111 kB]
Get:3 https://cdn-aws.deb.debian.org/debian-security trixie-security/main amd64 nginx amd64 1.26.3-3+deb13u5 [610 kB]
dpkg-preconfigure: unable to re-open stdin: No such file or directory
Fetched 721 kB in 0s (7459 kB/s)
Selecting previously unselected package nginx-common.
(Reading database ... 30222 files and directories currently installed.)
Preparing to unpack .../nginx-common_1.26.3-3+deb13u5_all.deb ...
Unpacking nginx-common (1.26.3-3+deb13u5) ...
Selecting previously unselected package nginx.
Preparing to unpack .../nginx_1.26.3-3+deb13u5_amd64.deb ...
Unpacking nginx (1.26.3-3+deb13u5) ...
Setting up nginx-common (1.26.3-3+deb13u5) ...
Created symlink '/etc/systemd/system/multi-user.target.wants/nginx.service' → '/usr/lib/systemd/system/nginx.service'.
Setting up nginx (1.26.3-3+deb13u5) ...
Upgrading binary: nginx.
Processing triggers for man-db (2.13.1-1) ...
+ echo '### Installing PHP and extensions ###'
### Installing PHP and extensions ###
+ wait_for_dpkg_lock
+ sudo fuser /var/lib/dpkg/lock-frontend
+ sudo fuser /var/lib/apt/lists/lock
+ sudo apt-get install -y php-fpm php-mysqli php-curl php-dom php-gd php-intl php-mbstring php-xml php-zip php-ldap php-json php-apcu php-cli unzip
Reading package lists...
Building dependency tree...
Reading state information...
The following additional packages will be installed:
  fontconfig-config fonts-dejavu-core fonts-dejavu-mono libabsl20240722
  libaom3 libargon2-1 libavif16 libdav1d7 libde265-0 libdeflate0
  libfontconfig1 libgav1-1 libgcrypt20 libgd3 libgomp1 libgpg-error-l10n
  libgpg-error0 libheif-plugin-aomenc libheif-plugin-dav1d
  libheif-plugin-libde265 libheif-plugin-x265 libheif1 libicu76 libimagequant0
  libjbig0 libjpeg62-turbo liblerc4 libonig5 librav1e0.7 libsharpyuv0
  libsvtav1enc2 libtiff6 libwebp7 libx11-6 libx11-data libx265-215 libxau6
  libxcb1 libxdmcp6 libxpm4 libxslt1.1 libyuv0 libzip5 php-common php8.4-apcu
  php8.4-cli php8.4-common php8.4-curl php8.4-fpm php8.4-gd php8.4-intl
  php8.4-ldap php8.4-mbstring php8.4-opcache php8.4-readline php8.4-zip
Suggested packages:
  rng-tools libgd-tools libheif-plugin-ffmpegdec libheif-plugin-jpegdec
  libheif-plugin-jpegenc libheif-plugin-j2kdec libheif-plugin-j2kenc
  libheif-plugin-kvazaar libheif-plugin-rav1e libheif-plugin-svtenc php-pear
  zip
The following NEW packages will be installed:
  fontconfig-config fonts-dejavu-core fonts-dejavu-mono libabsl20240722
  libaom3 libargon2-1 libavif16 libdav1d7 libde265-0 libdeflate0
  libfontconfig1 libgav1-1 libgcrypt20 libgd3 libgomp1 libgpg-error-l10n
  libgpg-error0 libheif-plugin-aomenc libheif-plugin-dav1d
  libheif-plugin-libde265 libheif-plugin-x265 libheif1 libicu76 libimagequant0
  libjbig0 libjpeg62-turbo liblerc4 libonig5 librav1e0.7 libsharpyuv0
  libsvtav1enc2 libtiff6 libwebp7 libx11-6 libx11-data libx265-215 libxau6
  libxcb1 libxdmcp6 libxpm4 libxslt1.1 libyuv0 libzip5 php-apcu php-cli
  php-common php-curl php-fpm php-gd php-intl php-json php-ldap php-mbstring
  php-xml php-zip php8.4-apcu php8.4-cli php8.4-common php8.4-curl php8.4-fpm
  php8.4-gd php8.4-intl php8.4-ldap php8.4-mbstring php8.4-mysql
  php8.4-opcache php8.4-readline php8.4-xml php8.4-zip unzip
0 upgraded, 70 newly installed, 0 to remove and 78 not upgraded.
Need to get 32.0 MB of archives.
After this operation, 129 MB of additional disk space will be used.
Get:1 file:/etc/apt/mirrors/debian.list Mirrorlist [38 B]
Get:2 file:/etc/apt/mirrors/debian-security.list Mirrorlist [47 B]
Get:3 https://cdn-aws.deb.debian.org/debian trixie/main amd64 php-common all 2:96 [13.3 kB]
Get:4 https://cdn-aws.deb.debian.org/debian trixie/main amd64 libargon2-1 amd64 0~20190702+dfsg-4+b2 [21.4 kB]
Get:5 https://cdn-aws.deb.debian.org/debian trixie/main amd64 php8.4-apcu amd64 5.1.24-1 [43.9 kB]
Get:6 https://cdn-aws.deb.debian.org/debian trixie/main amd64 php-apcu all 5.1.24-1 [4864 B]
Get:7 https://cdn-aws.deb.debian.org/debian trixie/main amd64 fonts-dejavu-mono all 2.37-8 [489 kB]
Get:8 https://cdn-aws.deb.debian.org/debian-security trixie-security/main amd64 php8.4-common amd64 8.4.21-1~deb13u1 [772 kB]
Get:9 https://cdn-aws.deb.debian.org/debian-security trixie-security/main amd64 php8.4-opcache amd64 8.4.21-1~deb13u1 [469 kB]
Get:10 https://cdn-aws.deb.debian.org/debian-security trixie-security/main amd64 php8.4-readline amd64 8.4.21-1~deb13u1 [12.7 kB]
Get:11 https://cdn-aws.deb.debian.org/debian-security trixie-security/main amd64 php8.4-cli amd64 8.4.21-1~deb13u1 [1855 kB]
Get:12 https://cdn-aws.deb.debian.org/debian-security trixie-security/main amd64 php8.4-fpm amd64 8.4.21-1~deb13u1 [1864 kB]
Get:13 https://cdn-aws.deb.debian.org/debian trixie/main amd64 fonts-dejavu-core all 2.37-8 [840 kB]
Get:14 https://cdn-aws.deb.debian.org/debian trixie/main amd64 fontconfig-config amd64 2.15.0-2.3 [318 kB]
Get:15 https://cdn-aws.deb.debian.org/debian trixie/main amd64 libabsl20240722 amd64 20240722.0-4 [492 kB]
Get:16 https://cdn-aws.deb.debian.org/debian trixie/main amd64 libaom3 amd64 3.12.1-1 [1871 kB]
Get:17 https://cdn-aws.deb.debian.org/debian trixie/main amd64 libdav1d7 amd64 1.5.1-1 [559 kB]
Get:18 https://cdn-aws.deb.debian.org/debian trixie/main amd64 libgav1-1 amd64 0.19.0-3+b1 [353 kB]
Get:19 https://cdn-aws.deb.debian.org/debian trixie/main amd64 librav1e0.7 amd64 0.7.1-9+b2 [946 kB]
Get:20 https://cdn-aws.deb.debian.org/debian trixie/main amd64 libsvtav1enc2 amd64 2.3.0+dfsg-1 [2489 kB]
Get:21 https://cdn-aws.deb.debian.org/debian trixie/main amd64 libjpeg62-turbo amd64 1:2.1.5-4 [168 kB]
Get:22 https://cdn-aws.deb.debian.org/debian trixie/main amd64 libyuv0 amd64 0.0.1904.20250204-1 [174 kB]
Get:23 https://cdn-aws.deb.debian.org/debian trixie/main amd64 libavif16 amd64 1.2.1-1.2 [133 kB]
Get:24 https://cdn-aws.deb.debian.org/debian trixie/main amd64 libde265-0 amd64 1.0.15-1+b3 [189 kB]
Get:25 https://cdn-aws.deb.debian.org/debian trixie/main amd64 libdeflate0 amd64 1.23-2 [47.3 kB]
Get:26 https://cdn-aws.deb.debian.org/debian trixie/main amd64 libfontconfig1 amd64 2.15.0-2.3 [392 kB]
Get:27 https://cdn-aws.deb.debian.org/debian trixie/main amd64 libgpg-error0 amd64 1.51-4 [82.1 kB]
Get:28 https://cdn-aws.deb.debian.org/debian-security trixie-security/main amd64 libgcrypt20 amd64 1.11.0-7+deb13u1 [843 kB]
Get:29 https://cdn-aws.deb.debian.org/debian trixie/main amd64 libsharpyuv0 amd64 1.5.0-0.1 [116 kB]
Get:30 https://cdn-aws.deb.debian.org/debian trixie/main amd64 libheif-plugin-dav1d amd64 1.19.8-1 [11.7 kB]
Get:31 https://cdn-aws.deb.debian.org/debian trixie/main amd64 libheif-plugin-libde265 amd64 1.19.8-1 [15.3 kB]
Get:32 https://cdn-aws.deb.debian.org/debian trixie/main amd64 libheif1 amd64 1.19.8-1 [520 kB]
Get:33 https://cdn-aws.deb.debian.org/debian trixie/main amd64 libgomp1 amd64 14.2.0-19 [137 kB]
Get:34 https://cdn-aws.deb.debian.org/debian trixie/main amd64 libimagequant0 amd64 2.18.0-1+b2 [35.2 kB]
Get:35 https://cdn-aws.deb.debian.org/debian trixie/main amd64 libjbig0 amd64 2.1-6.1+b2 [32.1 kB]
Get:36 https://cdn-aws.deb.debian.org/debian trixie/main amd64 liblerc4 amd64 4.0.0+ds-5 [183 kB]
Get:37 https://cdn-aws.deb.debian.org/debian trixie/main amd64 libwebp7 amd64 1.5.0-0.1 [318 kB]
Get:38 https://cdn-aws.deb.debian.org/debian trixie/main amd64 libtiff6 amd64 4.7.0-3+deb13u2 [345 kB]
Get:39 https://cdn-aws.deb.debian.org/debian trixie/main amd64 libxau6 amd64 1:1.0.11-1 [20.4 kB]
Get:40 https://cdn-aws.deb.debian.org/debian trixie/main amd64 libxdmcp6 amd64 1:1.1.5-1 [27.8 kB]
Get:41 https://cdn-aws.deb.debian.org/debian trixie/main amd64 libxcb1 amd64 1.17.0-2+b1 [144 kB]
Get:42 https://cdn-aws.deb.debian.org/debian trixie/main amd64 libx11-data all 2:1.8.12-1 [343 kB]
Get:43 https://cdn-aws.deb.debian.org/debian trixie/main amd64 libx11-6 amd64 2:1.8.12-1 [815 kB]
Get:44 https://cdn-aws.deb.debian.org/debian trixie/main amd64 libxpm4 amd64 1:3.5.17-1+b3 [56.2 kB]
Get:45 https://cdn-aws.deb.debian.org/debian trixie/main amd64 libgd3 amd64 2.3.3-13 [126 kB]
Get:46 https://cdn-aws.deb.debian.org/debian trixie/main amd64 libgpg-error-l10n all 1.51-4 [114 kB]
Get:47 https://cdn-aws.deb.debian.org/debian trixie/main amd64 libheif-plugin-aomenc amd64 1.19.8-1 [23.8 kB]
Get:48 https://cdn-aws.deb.debian.org/debian trixie/main amd64 libx265-215 amd64 4.1-2 [1237 kB]
Get:49 https://cdn-aws.deb.debian.org/debian trixie/main amd64 libheif-plugin-x265 amd64 1.19.8-1 [22.0 kB]
Get:50 https://cdn-aws.deb.debian.org/debian trixie/main amd64 libicu76 amd64 76.1-4 [9722 kB]
Get:51 https://cdn-aws.deb.debian.org/debian trixie/main amd64 libonig5 amd64 6.9.9-1+b1 [189 kB]
Get:52 https://cdn-aws.deb.debian.org/debian trixie/main amd64 libxslt1.1 amd64 1.1.35-1.2+deb13u3 [233 kB]
Get:53 https://cdn-aws.deb.debian.org/debian trixie/main amd64 libzip5 amd64 1.11.3-2 [62.6 kB]
Get:54 https://cdn-aws.deb.debian.org/debian trixie/main amd64 php-cli all 2:8.4+96 [4416 B]
Get:55 https://cdn-aws.deb.debian.org/debian-security trixie-security/main amd64 php8.4-curl amd64 8.4.21-1~deb13u1 [39.8 kB]
Get:56 https://cdn-aws.deb.debian.org/debian trixie/main amd64 php-curl all 2:8.4+96 [3960 B]
Get:57 https://cdn-aws.deb.debian.org/debian trixie/main amd64 php-fpm all 2:8.4+96 [4024 B]
Get:58 https://cdn-aws.deb.debian.org/debian-security trixie-security/main amd64 php8.4-gd amd64 8.4.21-1~deb13u1 [36.9 kB]
Get:59 https://cdn-aws.deb.debian.org/debian trixie/main amd64 php-gd all 2:8.4+96 [3960 B]
Get:60 https://cdn-aws.deb.debian.org/debian-security trixie-security/main amd64 php8.4-intl amd64 8.4.21-1~deb13u1 [157 kB]
Get:61 https://cdn-aws.deb.debian.org/debian trixie/main amd64 php-intl all 2:8.4+96 [3964 B]
Get:62 https://cdn-aws.deb.debian.org/debian trixie/main amd64 php-json all 2:8.4+96 [3968 B]
Get:63 https://cdn-aws.deb.debian.org/debian-security trixie-security/main amd64 php8.4-ldap amd64 8.4.21-1~deb13u1 [32.8 kB]
Get:64 https://cdn-aws.deb.debian.org/debian trixie/main amd64 php-ldap all 2:8.4+96 [3964 B]
Get:65 https://cdn-aws.deb.debian.org/debian-security trixie-security/main amd64 php8.4-mbstring amd64 8.4.21-1~deb13u1 [453 kB]
Get:66 https://cdn-aws.deb.debian.org/debian trixie/main amd64 php-mbstring all 2:8.4+96 [3972 B]
Get:67 https://cdn-aws.deb.debian.org/debian-security trixie-security/main amd64 php8.4-xml amd64 8.4.21-1~deb13u1 [581 kB]
Get:68 https://cdn-aws.deb.debian.org/debian trixie/main amd64 php-xml all 2:8.4+96 [3984 B]
Get:69 https://cdn-aws.deb.debian.org/debian-security trixie-security/main amd64 php8.4-zip amd64 8.4.21-1~deb13u1 [29.0 kB]
Get:70 https://cdn-aws.deb.debian.org/debian trixie/main amd64 php-zip all 2:8.4+96 [3960 B]
Get:71 https://cdn-aws.deb.debian.org/debian-security trixie-security/main amd64 php8.4-mysql amd64 8.4.21-1~deb13u1 [120 kB]
Get:72 https://cdn-aws.deb.debian.org/debian trixie/main amd64 unzip amd64 6.0-29 [173 kB]
dpkg-preconfigure: unable to re-open stdin: No such file or directory
Fetched 32.0 MB in 1s (41.2 MB/s)
Selecting previously unselected package php-common.
(Reading database ... 30273 files and directories currently installed.)
Preparing to unpack .../0-php-common_2%3a96_all.deb ...
Unpacking php-common (2:96) ...
Selecting previously unselected package php8.4-common.
Preparing to unpack .../1-php8.4-common_8.4.21-1~deb13u1_amd64.deb ...
Unpacking php8.4-common (8.4.21-1~deb13u1) ...
Selecting previously unselected package php8.4-opcache.
Preparing to unpack .../2-php8.4-opcache_8.4.21-1~deb13u1_amd64.deb ...
Unpacking php8.4-opcache (8.4.21-1~deb13u1) ...
Selecting previously unselected package php8.4-readline.
Preparing to unpack .../3-php8.4-readline_8.4.21-1~deb13u1_amd64.deb ...
Unpacking php8.4-readline (8.4.21-1~deb13u1) ...
Selecting previously unselected package libargon2-1:amd64.
Preparing to unpack .../4-libargon2-1_0~20190702+dfsg-4+b2_amd64.deb ...
Unpacking libargon2-1:amd64 (0~20190702+dfsg-4+b2) ...
Selecting previously unselected package php8.4-cli.
Preparing to unpack .../5-php8.4-cli_8.4.21-1~deb13u1_amd64.deb ...
Unpacking php8.4-cli (8.4.21-1~deb13u1) ...
Selecting previously unselected package php8.4-fpm.
Preparing to unpack .../6-php8.4-fpm_8.4.21-1~deb13u1_amd64.deb ...
Unpacking php8.4-fpm (8.4.21-1~deb13u1) ...
Setting up php-common (2:96) ...
Created symlink '/etc/systemd/system/timers.target.wants/phpsessionclean.timer' → '/usr/lib/systemd/system/phpsessionclean.timer'.
Selecting previously unselected package php8.4-apcu.
(Reading database ... 30415 files and directories currently installed.)
Preparing to unpack .../00-php8.4-apcu_5.1.24-1_amd64.deb ...
Unpacking php8.4-apcu (5.1.24-1) ...
Selecting previously unselected package php-apcu.
Preparing to unpack .../01-php-apcu_5.1.24-1_all.deb ...
Unpacking php-apcu (5.1.24-1) ...
Selecting previously unselected package fonts-dejavu-mono.
Preparing to unpack .../02-fonts-dejavu-mono_2.37-8_all.deb ...
Unpacking fonts-dejavu-mono (2.37-8) ...
Selecting previously unselected package fonts-dejavu-core.
Preparing to unpack .../03-fonts-dejavu-core_2.37-8_all.deb ...
Unpacking fonts-dejavu-core (2.37-8) ...
Selecting previously unselected package fontconfig-config.
Preparing to unpack .../04-fontconfig-config_2.15.0-2.3_amd64.deb ...
Unpacking fontconfig-config (2.15.0-2.3) ...
Selecting previously unselected package libabsl20240722:amd64.
Preparing to unpack .../05-libabsl20240722_20240722.0-4_amd64.deb ...
Unpacking libabsl20240722:amd64 (20240722.0-4) ...
Selecting previously unselected package libaom3:amd64.
Preparing to unpack .../06-libaom3_3.12.1-1_amd64.deb ...
Unpacking libaom3:amd64 (3.12.1-1) ...
Selecting previously unselected package libdav1d7:amd64.
Preparing to unpack .../07-libdav1d7_1.5.1-1_amd64.deb ...
Unpacking libdav1d7:amd64 (1.5.1-1) ...
Selecting previously unselected package libgav1-1:amd64.
Preparing to unpack .../08-libgav1-1_0.19.0-3+b1_amd64.deb ...
Unpacking libgav1-1:amd64 (0.19.0-3+b1) ...
Selecting previously unselected package librav1e0.7:amd64.
Preparing to unpack .../09-librav1e0.7_0.7.1-9+b2_amd64.deb ...
Unpacking librav1e0.7:amd64 (0.7.1-9+b2) ...
Selecting previously unselected package libsvtav1enc2:amd64.
Preparing to unpack .../10-libsvtav1enc2_2.3.0+dfsg-1_amd64.deb ...
Unpacking libsvtav1enc2:amd64 (2.3.0+dfsg-1) ...
Selecting previously unselected package libjpeg62-turbo:amd64.
Preparing to unpack .../11-libjpeg62-turbo_1%3a2.1.5-4_amd64.deb ...
Unpacking libjpeg62-turbo:amd64 (1:2.1.5-4) ...
Selecting previously unselected package libyuv0:amd64.
Preparing to unpack .../12-libyuv0_0.0.1904.20250204-1_amd64.deb ...
Unpacking libyuv0:amd64 (0.0.1904.20250204-1) ...
Selecting previously unselected package libavif16:amd64.
Preparing to unpack .../13-libavif16_1.2.1-1.2_amd64.deb ...
Unpacking libavif16:amd64 (1.2.1-1.2) ...
Selecting previously unselected package libde265-0:amd64.
Preparing to unpack .../14-libde265-0_1.0.15-1+b3_amd64.deb ...
Unpacking libde265-0:amd64 (1.0.15-1+b3) ...
Selecting previously unselected package libdeflate0:amd64.
Preparing to unpack .../15-libdeflate0_1.23-2_amd64.deb ...
Unpacking libdeflate0:amd64 (1.23-2) ...
Selecting previously unselected package libfontconfig1:amd64.
Preparing to unpack .../16-libfontconfig1_2.15.0-2.3_amd64.deb ...
Unpacking libfontconfig1:amd64 (2.15.0-2.3) ...
Selecting previously unselected package libgpg-error0:amd64.
Preparing to unpack .../17-libgpg-error0_1.51-4_amd64.deb ...
Unpacking libgpg-error0:amd64 (1.51-4) ...
Selecting previously unselected package libgcrypt20:amd64.
Preparing to unpack .../18-libgcrypt20_1.11.0-7+deb13u1_amd64.deb ...
Unpacking libgcrypt20:amd64 (1.11.0-7+deb13u1) ...
Selecting previously unselected package libsharpyuv0:amd64.
Preparing to unpack .../19-libsharpyuv0_1.5.0-0.1_amd64.deb ...
Unpacking libsharpyuv0:amd64 (1.5.0-0.1) ...
Selecting previously unselected package libheif-plugin-dav1d:amd64.
Preparing to unpack .../20-libheif-plugin-dav1d_1.19.8-1_amd64.deb ...
Unpacking libheif-plugin-dav1d:amd64 (1.19.8-1) ...
Selecting previously unselected package libheif-plugin-libde265:amd64.
Preparing to unpack .../21-libheif-plugin-libde265_1.19.8-1_amd64.deb ...
Unpacking libheif-plugin-libde265:amd64 (1.19.8-1) ...
Selecting previously unselected package libheif1:amd64.
Preparing to unpack .../22-libheif1_1.19.8-1_amd64.deb ...
Unpacking libheif1:amd64 (1.19.8-1) ...
Selecting previously unselected package libgomp1:amd64.
Preparing to unpack .../23-libgomp1_14.2.0-19_amd64.deb ...
Unpacking libgomp1:amd64 (14.2.0-19) ...
Selecting previously unselected package libimagequant0:amd64.
Preparing to unpack .../24-libimagequant0_2.18.0-1+b2_amd64.deb ...
Unpacking libimagequant0:amd64 (2.18.0-1+b2) ...
Selecting previously unselected package libjbig0:amd64.
Preparing to unpack .../25-libjbig0_2.1-6.1+b2_amd64.deb ...
Unpacking libjbig0:amd64 (2.1-6.1+b2) ...
Selecting previously unselected package liblerc4:amd64.
Preparing to unpack .../26-liblerc4_4.0.0+ds-5_amd64.deb ...
Unpacking liblerc4:amd64 (4.0.0+ds-5) ...
Selecting previously unselected package libwebp7:amd64.
Preparing to unpack .../27-libwebp7_1.5.0-0.1_amd64.deb ...
Unpacking libwebp7:amd64 (1.5.0-0.1) ...
Selecting previously unselected package libtiff6:amd64.
Preparing to unpack .../28-libtiff6_4.7.0-3+deb13u2_amd64.deb ...
Unpacking libtiff6:amd64 (4.7.0-3+deb13u2) ...
Selecting previously unselected package libxau6:amd64.
Preparing to unpack .../29-libxau6_1%3a1.0.11-1_amd64.deb ...
Unpacking libxau6:amd64 (1:1.0.11-1) ...
Selecting previously unselected package libxdmcp6:amd64.
Preparing to unpack .../30-libxdmcp6_1%3a1.1.5-1_amd64.deb ...
Unpacking libxdmcp6:amd64 (1:1.1.5-1) ...
Selecting previously unselected package libxcb1:amd64.
Preparing to unpack .../31-libxcb1_1.17.0-2+b1_amd64.deb ...
Unpacking libxcb1:amd64 (1.17.0-2+b1) ...
Selecting previously unselected package libx11-data.
Preparing to unpack .../32-libx11-data_2%3a1.8.12-1_all.deb ...
Unpacking libx11-data (2:1.8.12-1) ...
Selecting previously unselected package libx11-6:amd64.
Preparing to unpack .../33-libx11-6_2%3a1.8.12-1_amd64.deb ...
Unpacking libx11-6:amd64 (2:1.8.12-1) ...
Selecting previously unselected package libxpm4:amd64.
Preparing to unpack .../34-libxpm4_1%3a3.5.17-1+b3_amd64.deb ...
Unpacking libxpm4:amd64 (1:3.5.17-1+b3) ...
Selecting previously unselected package libgd3:amd64.
Preparing to unpack .../35-libgd3_2.3.3-13_amd64.deb ...
Unpacking libgd3:amd64 (2.3.3-13) ...
Selecting previously unselected package libgpg-error-l10n.
Preparing to unpack .../36-libgpg-error-l10n_1.51-4_all.deb ...
Unpacking libgpg-error-l10n (1.51-4) ...
Selecting previously unselected package libheif-plugin-aomenc:amd64.
Preparing to unpack .../37-libheif-plugin-aomenc_1.19.8-1_amd64.deb ...
Unpacking libheif-plugin-aomenc:amd64 (1.19.8-1) ...
Selecting previously unselected package libx265-215:amd64.
Preparing to unpack .../38-libx265-215_4.1-2_amd64.deb ...
Unpacking libx265-215:amd64 (4.1-2) ...
Selecting previously unselected package libheif-plugin-x265:amd64.
Preparing to unpack .../39-libheif-plugin-x265_1.19.8-1_amd64.deb ...
Unpacking libheif-plugin-x265:amd64 (1.19.8-1) ...
Selecting previously unselected package libicu76:amd64.
Preparing to unpack .../40-libicu76_76.1-4_amd64.deb ...
Unpacking libicu76:amd64 (76.1-4) ...
Selecting previously unselected package libonig5:amd64.
Preparing to unpack .../41-libonig5_6.9.9-1+b1_amd64.deb ...
Unpacking libonig5:amd64 (6.9.9-1+b1) ...
Selecting previously unselected package libxslt1.1:amd64.
Preparing to unpack .../42-libxslt1.1_1.1.35-1.2+deb13u3_amd64.deb ...
Unpacking libxslt1.1:amd64 (1.1.35-1.2+deb13u3) ...
Selecting previously unselected package libzip5:amd64.
Preparing to unpack .../43-libzip5_1.11.3-2_amd64.deb ...
Unpacking libzip5:amd64 (1.11.3-2) ...
Selecting previously unselected package php-cli.
Preparing to unpack .../44-php-cli_2%3a8.4+96_all.deb ...
Unpacking php-cli (2:8.4+96) ...
Selecting previously unselected package php8.4-curl.
Preparing to unpack .../45-php8.4-curl_8.4.21-1~deb13u1_amd64.deb ...
Unpacking php8.4-curl (8.4.21-1~deb13u1) ...
Selecting previously unselected package php-curl.
Preparing to unpack .../46-php-curl_2%3a8.4+96_all.deb ...
Unpacking php-curl (2:8.4+96) ...
Selecting previously unselected package php-fpm.
Preparing to unpack .../47-php-fpm_2%3a8.4+96_all.deb ...
Unpacking php-fpm (2:8.4+96) ...
Selecting previously unselected package php8.4-gd.
Preparing to unpack .../48-php8.4-gd_8.4.21-1~deb13u1_amd64.deb ...
Unpacking php8.4-gd (8.4.21-1~deb13u1) ...
Selecting previously unselected package php-gd.
Preparing to unpack .../49-php-gd_2%3a8.4+96_all.deb ...
Unpacking php-gd (2:8.4+96) ...
Selecting previously unselected package php8.4-intl.
Preparing to unpack .../50-php8.4-intl_8.4.21-1~deb13u1_amd64.deb ...
Unpacking php8.4-intl (8.4.21-1~deb13u1) ...
Selecting previously unselected package php-intl.
Preparing to unpack .../51-php-intl_2%3a8.4+96_all.deb ...
Unpacking php-intl (2:8.4+96) ...
Selecting previously unselected package php-json.
Preparing to unpack .../52-php-json_2%3a8.4+96_all.deb ...
Unpacking php-json (2:8.4+96) ...
Selecting previously unselected package php8.4-ldap.
Preparing to unpack .../53-php8.4-ldap_8.4.21-1~deb13u1_amd64.deb ...
Unpacking php8.4-ldap (8.4.21-1~deb13u1) ...
Selecting previously unselected package php-ldap.
Preparing to unpack .../54-php-ldap_2%3a8.4+96_all.deb ...
Unpacking php-ldap (2:8.4+96) ...
Selecting previously unselected package php8.4-mbstring.
Preparing to unpack .../55-php8.4-mbstring_8.4.21-1~deb13u1_amd64.deb ...
Unpacking php8.4-mbstring (8.4.21-1~deb13u1) ...
Selecting previously unselected package php-mbstring.
Preparing to unpack .../56-php-mbstring_2%3a8.4+96_all.deb ...
Unpacking php-mbstring (2:8.4+96) ...
Selecting previously unselected package php8.4-xml.
Preparing to unpack .../57-php8.4-xml_8.4.21-1~deb13u1_amd64.deb ...
Unpacking php8.4-xml (8.4.21-1~deb13u1) ...
Selecting previously unselected package php-xml.
Preparing to unpack .../58-php-xml_2%3a8.4+96_all.deb ...
Unpacking php-xml (2:8.4+96) ...
Selecting previously unselected package php8.4-zip.
Preparing to unpack .../59-php8.4-zip_8.4.21-1~deb13u1_amd64.deb ...
Unpacking php8.4-zip (8.4.21-1~deb13u1) ...
Selecting previously unselected package php-zip.
Preparing to unpack .../60-php-zip_2%3a8.4+96_all.deb ...
Unpacking php-zip (2:8.4+96) ...
Selecting previously unselected package php8.4-mysql.
Preparing to unpack .../61-php8.4-mysql_8.4.21-1~deb13u1_amd64.deb ...
Unpacking php8.4-mysql (8.4.21-1~deb13u1) ...
Selecting previously unselected package unzip.
Preparing to unpack .../62-unzip_6.0-29_amd64.deb ...
Unpacking unzip (6.0-29) ...
Setting up libsharpyuv0:amd64 (1.5.0-0.1) ...
Setting up libaom3:amd64 (3.12.1-1) ...
Setting up libxau6:amd64 (1:1.0.11-1) ...
Setting up libxdmcp6:amd64 (1:1.1.5-1) ...
Setting up libxcb1:amd64 (1.17.0-2+b1) ...
Setting up liblerc4:amd64 (4.0.0+ds-5) ...
Setting up libgpg-error0:amd64 (1.51-4) ...
Setting up libzip5:amd64 (1.11.3-2) ...
Setting up libargon2-1:amd64 (0~20190702+dfsg-4+b2) ...
Setting up unzip (6.0-29) ...
Setting up php8.4-common (8.4.21-1~deb13u1) ...
Creating config file /etc/php/8.4/mods-available/calendar.ini with new version
Creating config file /etc/php/8.4/mods-available/ctype.ini with new version
Creating config file /etc/php/8.4/mods-available/exif.ini with new version
Creating config file /etc/php/8.4/mods-available/fileinfo.ini with new version
Creating config file /etc/php/8.4/mods-available/ffi.ini with new version
Creating config file /etc/php/8.4/mods-available/ftp.ini with new version
Creating config file /etc/php/8.4/mods-available/gettext.ini with new version
Creating config file /etc/php/8.4/mods-available/iconv.ini with new version
Creating config file /etc/php/8.4/mods-available/pdo.ini with new version
Creating config file /etc/php/8.4/mods-available/phar.ini with new version
Creating config file /etc/php/8.4/mods-available/posix.ini with new version
Creating config file /etc/php/8.4/mods-available/shmop.ini with new version
Creating config file /etc/php/8.4/mods-available/sockets.ini with new version
Creating config file /etc/php/8.4/mods-available/sysvmsg.ini with new version
Creating config file /etc/php/8.4/mods-available/sysvsem.ini with new version
Creating config file /etc/php/8.4/mods-available/sysvshm.ini with new version
Creating config file /etc/php/8.4/mods-available/tokenizer.ini with new version
Setting up libdeflate0:amd64 (1.23-2) ...
Setting up libgcrypt20:amd64 (1.11.0-7+deb13u1) ...
Setting up libgomp1:amd64 (14.2.0-19) ...
Setting up libabsl20240722:amd64 (20240722.0-4) ...
Setting up php8.4-curl (8.4.21-1~deb13u1) ...
Creating config file /etc/php/8.4/mods-available/curl.ini with new version
Setting up libjbig0:amd64 (2.1-6.1+b2) ...
Setting up libjpeg62-turbo:amd64 (1:2.1.5-4) ...
Setting up libx11-data (2:1.8.12-1) ...
Setting up libsvtav1enc2:amd64 (2.3.0+dfsg-1) ...
Setting up libimagequant0:amd64 (2.18.0-1+b2) ...
Setting up fonts-dejavu-mono (2.37-8) ...
Setting up php8.4-zip (8.4.21-1~deb13u1) ...
Creating config file /etc/php/8.4/mods-available/zip.ini with new version
Setting up fonts-dejavu-core (2.37-8) ...
Setting up libgav1-1:amd64 (0.19.0-3+b1) ...
Setting up libwebp7:amd64 (1.5.0-0.1) ...
Setting up libdav1d7:amd64 (1.5.1-1) ...
Setting up php-zip (2:8.4+96) ...
Setting up libtiff6:amd64 (4.7.0-3+deb13u2) ...
Setting up librav1e0.7:amd64 (0.7.1-9+b2) ...
Setting up libxslt1.1:amd64 (1.1.35-1.2+deb13u3) ...
Setting up libx11-6:amd64 (2:1.8.12-1) ...
Setting up libicu76:amd64 (76.1-4) ...
Setting up php8.4-xml (8.4.21-1~deb13u1) ...
Creating config file /etc/php/8.4/mods-available/dom.ini with new version
Creating config file /etc/php/8.4/mods-available/simplexml.ini with new version
Creating config file /etc/php/8.4/mods-available/xml.ini with new version
Creating config file /etc/php/8.4/mods-available/xmlreader.ini with new version
Creating config file /etc/php/8.4/mods-available/xmlwriter.ini with new version
Creating config file /etc/php/8.4/mods-available/xsl.ini with new version
Setting up libde265-0:amd64 (1.0.15-1+b3) ...
Setting up libx265-215:amd64 (4.1-2) ...
Setting up libgpg-error-l10n (1.51-4) ...
Setting up libyuv0:amd64 (0.0.1904.20250204-1) ...
Setting up php8.4-opcache (8.4.21-1~deb13u1) ...
Creating config file /etc/php/8.4/mods-available/opcache.ini with new version
Setting up libonig5:amd64 (6.9.9-1+b1) ...
Setting up php8.4-intl (8.4.21-1~deb13u1) ...
Creating config file /etc/php/8.4/mods-available/intl.ini with new version
Setting up php-xml (2:8.4+96) ...
Setting up php8.4-ldap (8.4.21-1~deb13u1) ...
Creating config file /etc/php/8.4/mods-available/ldap.ini with new version
Setting up libavif16:amd64 (1.2.1-1.2) ...
Setting up php-curl (2:8.4+96) ...
Setting up php8.4-readline (8.4.21-1~deb13u1) ...
Creating config file /etc/php/8.4/mods-available/readline.ini with new version
Setting up libxpm4:amd64 (1:3.5.17-1+b3) ...
Setting up php8.4-mbstring (8.4.21-1~deb13u1) ...
Creating config file /etc/php/8.4/mods-available/mbstring.ini with new version
Setting up fontconfig-config (2.15.0-2.3) ...
Setting up php8.4-mysql (8.4.21-1~deb13u1) ...
Creating config file /etc/php/8.4/mods-available/mysqlnd.ini with new version
Creating config file /etc/php/8.4/mods-available/mysqli.ini with new version
Creating config file /etc/php/8.4/mods-available/pdo_mysql.ini with new version
Setting up php-mbstring (2:8.4+96) ...
Setting up php-intl (2:8.4+96) ...
Setting up php-ldap (2:8.4+96) ...
Setting up php8.4-cli (8.4.21-1~deb13u1) ...
update-alternatives: using /usr/bin/php8.4 to provide /usr/bin/php (php) in auto mode
update-alternatives: using /usr/bin/phar8.4 to provide /usr/bin/phar (phar) in auto mode
update-alternatives: using /usr/bin/phar.phar8.4 to provide /usr/bin/phar.phar (phar.phar) in auto mode
Creating config file /etc/php/8.4/cli/php.ini with new version
Setting up php-json (2:8.4+96) ...
Setting up php8.4-fpm (8.4.21-1~deb13u1) ...
Creating config file /etc/php/8.4/fpm/php.ini with new version
Created symlink '/etc/systemd/system/multi-user.target.wants/php8.4-fpm.service' → '/usr/lib/systemd/system/php8.4-fpm.service'.
Setting up php-fpm (2:8.4+96) ...
Setting up php-cli (2:8.4+96) ...
update-alternatives: using /usr/bin/php.default to provide /usr/bin/php (php) in auto mode
update-alternatives: using /usr/bin/phar.default to provide /usr/bin/phar (phar) in auto mode
update-alternatives: using /usr/bin/phar.phar.default to provide /usr/bin/phar.phar (phar.phar) in auto mode
Setting up php8.4-apcu (5.1.24-1) ...
Setting up php-apcu (5.1.24-1) ...
Setting up libheif1:amd64 (1.19.8-1) ...
Setting up libheif-plugin-dav1d:amd64 (1.19.8-1) ...
Setting up libheif-plugin-libde265:amd64 (1.19.8-1) ...
Setting up libheif-plugin-x265:amd64 (1.19.8-1) ...
Setting up libheif-plugin-aomenc:amd64 (1.19.8-1) ...
Processing triggers for libc-bin (2.41-12) ...
Processing triggers for man-db (2.13.1-1) ...
Processing triggers for sgml-base (1.31+nmu1) ...
Setting up libfontconfig1:amd64 (2.15.0-2.3) ...
Setting up libgd3:amd64 (2.3.3-13) ...
Setting up php8.4-gd (8.4.21-1~deb13u1) ...
Creating config file /etc/php/8.4/mods-available/gd.ini with new version
Setting up php-gd (2:8.4+96) ...
Processing triggers for php8.4-cli (8.4.21-1~deb13u1) ...
Processing triggers for php8.4-fpm (8.4.21-1~deb13u1) ...
Processing triggers for libc-bin (2.41-12) ...
+ echo '### Starting services ###'
### Starting services ###
+ sudo systemctl enable nginx
Synchronizing state of nginx.service with SysV service script with /usr/lib/systemd/systemd-sysv-install.
Executing: /usr/lib/systemd/systemd-sysv-install enable nginx
+ sudo systemctl start nginx
++ systemctl list-units --type=service --all
++ grep -oP 'php[0-9.]*-fpm'
++ head -1
+ PHP_FPM_SERVICE=php8.4-fpm
+ '[' -n php8.4-fpm ']'
+ echo '### Enabling php8.4-fpm ###'
### Enabling php8.4-fpm ###
+ sudo systemctl enable php8.4-fpm
Synchronizing state of php8.4-fpm.service with SysV service script with /usr/lib/systemd/systemd-sysv-install.
Executing: /usr/lib/systemd/systemd-sysv-install enable php8.4-fpm
+ sudo systemctl start php8.4-fpm
+ echo '### Cloning ResourceSpace repository ###'
### Cloning ResourceSpace repository ###
+ wait_for_dpkg_lock
+ sudo fuser /var/lib/dpkg/lock-frontend
+ sudo fuser /var/lib/apt/lists/lock
+ sudo apt-get install -y git
Reading package lists...
Building dependency tree...
Reading state information...
The following additional packages will be installed:
  curl git-man libcurl3t64-gnutls libcurl4t64 liberror-perl libgdbm-compat4t64
  libngtcp2-16 libngtcp2-crypto-gnutls8 libperl5.40 patch perl
  perl-modules-5.40
Suggested packages:
  git-doc git-email git-gui gitk gitweb git-cvs git-mediawiki git-svn ed
  diffutils-doc perl-doc libterm-readline-gnu-perl
  | libterm-readline-perl-perl make libtap-harness-archive-perl
The following NEW packages will be installed:
  git git-man libcurl3t64-gnutls liberror-perl libgdbm-compat4t64 libngtcp2-16
  libngtcp2-crypto-gnutls8 libperl5.40 patch perl perl-modules-5.40
The following packages will be upgraded:
  curl libcurl4t64
2 upgraded, 11 newly installed, 0 to remove and 76 not upgraded.
Need to get 20.1 MB of archives.
After this operation, 106 MB of additional disk space will be used.
Get:1 file:/etc/apt/mirrors/debian.list Mirrorlist [38 B]
Get:2 https://cdn-aws.deb.debian.org/debian trixie/main amd64 perl-modules-5.40 all 5.40.1-6 [3019 kB]
Get:3 https://cdn-aws.deb.debian.org/debian trixie/main amd64 libgdbm-compat4t64 amd64 1.24-2 [50.3 kB]
Get:4 https://cdn-aws.deb.debian.org/debian trixie/main amd64 libperl5.40 amd64 5.40.1-6 [4341 kB]
Get:5 https://cdn-aws.deb.debian.org/debian trixie/main amd64 perl amd64 5.40.1-6 [267 kB]
Get:6 https://cdn-aws.deb.debian.org/debian trixie/main amd64 curl amd64 8.14.1-2+deb13u3 [270 kB]
Get:7 https://cdn-aws.deb.debian.org/debian trixie/main amd64 libcurl4t64 amd64 8.14.1-2+deb13u3 [391 kB]
Get:8 https://cdn-aws.deb.debian.org/debian trixie/main amd64 libngtcp2-16 amd64 1.11.0-1+deb13u1 [132 kB]
Get:9 https://cdn-aws.deb.debian.org/debian trixie/main amd64 libngtcp2-crypto-gnutls8 amd64 1.11.0-1+deb13u1 [29.5 kB]
Get:10 https://cdn-aws.deb.debian.org/debian trixie/main amd64 libcurl3t64-gnutls amd64 8.14.1-2+deb13u3 [384 kB]
Get:11 https://cdn-aws.deb.debian.org/debian trixie/main amd64 liberror-perl all 0.17030-1 [26.9 kB]
Get:12 https://cdn-aws.deb.debian.org/debian trixie/main amd64 git-man all 1:2.47.3-0+deb13u1 [2205 kB]
Get:13 https://cdn-aws.deb.debian.org/debian trixie/main amd64 git amd64 1:2.47.3-0+deb13u1 [8862 kB]
Get:14 https://cdn-aws.deb.debian.org/debian trixie/main amd64 patch amd64 2.8-2 [134 kB]
apt-listchanges: Reading changelogs...
dpkg-preconfigure: unable to re-open stdin: No such file or directory
Fetched 20.1 MB in 0s (66.6 MB/s)
Selecting previously unselected package perl-modules-5.40.
(Reading database ... 31421 files and directories currently installed.)
Preparing to unpack .../00-perl-modules-5.40_5.40.1-6_all.deb ...
Unpacking perl-modules-5.40 (5.40.1-6) ...
Selecting previously unselected package libgdbm-compat4t64:amd64.
Preparing to unpack .../01-libgdbm-compat4t64_1.24-2_amd64.deb ...
Unpacking libgdbm-compat4t64:amd64 (1.24-2) ...
Selecting previously unselected package libperl5.40:amd64.
Preparing to unpack .../02-libperl5.40_5.40.1-6_amd64.deb ...
Unpacking libperl5.40:amd64 (5.40.1-6) ...
Selecting previously unselected package perl.
Preparing to unpack .../03-perl_5.40.1-6_amd64.deb ...
Unpacking perl (5.40.1-6) ...
Preparing to unpack .../04-curl_8.14.1-2+deb13u3_amd64.deb ...
Unpacking curl (8.14.1-2+deb13u3) over (8.14.1-2) ...
Preparing to unpack .../05-libcurl4t64_8.14.1-2+deb13u3_amd64.deb ...
Unpacking libcurl4t64:amd64 (8.14.1-2+deb13u3) over (8.14.1-2) ...
Selecting previously unselected package libngtcp2-16:amd64.
Preparing to unpack .../06-libngtcp2-16_1.11.0-1+deb13u1_amd64.deb ...
Unpacking libngtcp2-16:amd64 (1.11.0-1+deb13u1) ...
Selecting previously unselected package libngtcp2-crypto-gnutls8:amd64.
Preparing to unpack .../07-libngtcp2-crypto-gnutls8_1.11.0-1+deb13u1_amd64.deb ...
Unpacking libngtcp2-crypto-gnutls8:amd64 (1.11.0-1+deb13u1) ...
Selecting previously unselected package libcurl3t64-gnutls:amd64.
Preparing to unpack .../08-libcurl3t64-gnutls_8.14.1-2+deb13u3_amd64.deb ...
Unpacking libcurl3t64-gnutls:amd64 (8.14.1-2+deb13u3) ...
Selecting previously unselected package liberror-perl.
Preparing to unpack .../09-liberror-perl_0.17030-1_all.deb ...
Unpacking liberror-perl (0.17030-1) ...
Selecting previously unselected package git-man.
Preparing to unpack .../10-git-man_1%3a2.47.3-0+deb13u1_all.deb ...
Unpacking git-man (1:2.47.3-0+deb13u1) ...
Selecting previously unselected package git.
Preparing to unpack .../11-git_1%3a2.47.3-0+deb13u1_amd64.deb ...
Unpacking git (1:2.47.3-0+deb13u1) ...
Selecting previously unselected package patch.
Preparing to unpack .../12-patch_2.8-2_amd64.deb ...
Unpacking patch (2.8-2) ...
Setting up libcurl4t64:amd64 (8.14.1-2+deb13u3) ...
Setting up libgdbm-compat4t64:amd64 (1.24-2) ...
Setting up patch (2.8-2) ...
Setting up perl-modules-5.40 (5.40.1-6) ...
Setting up git-man (1:2.47.3-0+deb13u1) ...
Setting up libngtcp2-16:amd64 (1.11.0-1+deb13u1) ...
Setting up curl (8.14.1-2+deb13u3) ...
Setting up libngtcp2-crypto-gnutls8:amd64 (1.11.0-1+deb13u1) ...
Setting up libcurl3t64-gnutls:amd64 (8.14.1-2+deb13u3) ...
Setting up libperl5.40:amd64 (5.40.1-6) ...
Setting up perl (5.40.1-6) ...
Setting up liberror-perl (0.17030-1) ...
Setting up git (1:2.47.3-0+deb13u1) ...
Processing triggers for man-db (2.13.1-1) ...
Processing triggers for libc-bin (2.41-12) ...
+ echo '### Disk usage before clone ###'
### Disk usage before clone ###
+ df -h
Filesystem       Size  Used Avail Use% Mounted on
udev             959M     0  959M   0% /dev
tmpfs            195M  468K  194M   1% /run
/dev/nvme0n1p1    30G  1.4G   27G   5% /
tmpfs            972M     0  972M   0% /dev/shm
tmpfs            5.0M     0  5.0M   0% /run/lock
tmpfs            972M   35M  937M   4% /tmp
tmpfs            1.0M     0  1.0M   0% /run/credentials/systemd-journald.service
tmpfs            1.0M     0  1.0M   0% /run/credentials/systemd-resolved.service
/dev/nvme0n1p15  124M  8.7M  116M   8% /boot/efi
tmpfs            1.0M     0  1.0M   0% /run/credentials/systemd-networkd.service
tmpfs            1.0M     0  1.0M   0% /run/credentials/getty@tty1.service
tmpfs            1.0M     0  1.0M   0% /run/credentials/serial-getty@ttyS0.service
+ df -i
Filesystem       Inodes IUsed   IFree IUse% Mounted on
udev             245480   322  245158    1% /dev
tmpfs            248606   538  248068    1% /run
/dev/nvme0n1p1  1957888 41501 1916387    3% /
tmpfs            248606     1  248605    1% /dev/shm
tmpfs            248606     2  248604    1% /run/lock
tmpfs           1048576    11 1048565    1% /tmp
tmpfs              1024     1    1023    1% /run/credentials/systemd-journald.service
tmpfs              1024     1    1023    1% /run/credentials/systemd-resolved.service
/dev/nvme0n1p15       0     0       0     - /boot/efi
tmpfs              1024     1    1023    1% /run/credentials/systemd-networkd.service
tmpfs              1024     1    1023    1% /run/credentials/getty@tty1.service
tmpfs              1024     1    1023    1% /run/credentials/serial-getty@ttyS0.service
+ sudo rm -rf /tmp/bcparks-dam
+ sudo mkdir -p /tmp/bcparks-dam
+ sudo git clone --branch main --depth 1 --filter=blob:none --sparse https://github.com/bcgov/bcparks-dam.git /tmp/bcparks-dam
Cloning into '/tmp/bcparks-dam'...
+ sudo git -C /tmp/bcparks-dam sparse-checkout set src/resourcespace/releases/10.7-r28840 src/resourcespace/files src/resourcespace/tools
+ echo '### Copying ResourceSpace files ###'
### Copying ResourceSpace files ###
+ sudo mkdir -p /var/www/resourcespace
+ sudo cp -R /tmp/bcparks-dam/src/resourcespace/releases/10.7-r28840/api /tmp/bcparks-dam/src/resourcespace/releases/10.7-r28840/batch /tmp/bcparks-dam/src/resourcespace/releases/10.7-r28840/composer.json /tmp/bcparks-dam/src/resourcespace/releases/10.7-r28840/composer.lock /tmp/bcparks-dam/src/resourcespace/releases/10.7-r28840/css /tmp/bcparks-dam/src/resourcespace/releases/10.7-r28840/dbstruct /tmp/bcparks-dam/src/resourcespace/releases/10.7-r28840/documentation /tmp/bcparks-dam/src/resourcespace/releases/10.7-r28840/gfx /tmp/bcparks-dam/src/resourcespace/releases/10.7-r28840/iccprofiles /tmp/bcparks-dam/src/resourcespace/releases/10.7-r28840/include /tmp/bcparks-dam/src/resourcespace/releases/10.7-r28840/index.php /tmp/bcparks-dam/src/resourcespace/releases/10.7-r28840/js /tmp/bcparks-dam/src/resourcespace/releases/10.7-r28840/languages /tmp/bcparks-dam/src/resourcespace/releases/10.7-r28840/lib /tmp/bcparks-dam/src/resourcespace/releases/10.7-r28840/license.txt /tmp/bcparks-dam/src/resourcespace/releases/10.7-r28840/login.php /tmp/bcparks-dam/src/resourcespace/releases/10.7-r28840/manifest.json /tmp/bcparks-dam/src/resourcespace/releases/10.7-r28840/pages /tmp/bcparks-dam/src/resourcespace/releases/10.7-r28840/phpcs.xml.dist /tmp/bcparks-dam/src/resourcespace/releases/10.7-r28840/phpstan-baseline.neon /tmp/bcparks-dam/src/resourcespace/releases/10.7-r28840/phpstan.neon.dist /tmp/bcparks-dam/src/resourcespace/releases/10.7-r28840/plugins /tmp/bcparks-dam/src/resourcespace/releases/10.7-r28840/rector.php /tmp/bcparks-dam/src/resourcespace/releases/10.7-r28840/robots.txt /tmp/bcparks-dam/src/resourcespace/releases/10.7-r28840/templates /tmp/bcparks-dam/src/resourcespace/releases/10.7-r28840/tests /tmp/bcparks-dam/src/resourcespace/releases/10.7-r28840/upgrade /tmp/bcparks-dam/src/resourcespace/releases/10.7-r28840/version.txt /var/www/resourcespace
+ sudo chown -R www-data:www-data /var/www/resourcespace
+ sudo chmod -R 755 /var/www/resourcespace
+ echo '### Configuring Nginx ###'
### Configuring Nginx ###
+ sudo cp /tmp/bcparks-dam/src/resourcespace/files/configure-nginx.sh /tmp/
+ sudo chmod +x /tmp/configure-nginx.sh
+ sudo env CUSTOM_DOMAIN=test-images.bcparks.ca /tmp/configure-nginx.sh
# Public hostname as seen by users (CloudFront alias)
map $http_cloudfront_forwarded_proto $rs_proto {
    default $http_x_forwarded_proto;  # fallback if ALB sets it
    https   https;
    http    http;
}
server {
    set $public_host "test-images.bcparks.ca";
    set $public_proto "https";
    set $public_port 443;

    listen 80 default_server;
    server_name _;

    client_max_body_size 2G;
    client_body_timeout 1200s;

    root /var/www/resourcespace;
    index index.php index.html;

    location / {
        try_files $uri $uri/ /index.php?$args;
    }

    location /health-check.php {
        try_files /health-check.php =404;
    }

    location = /bcgovhealthcheck {
        return 200 "ok";
        add_header Content-Type text/plain;
    }

    location /filestore/ {
        add_header Access-Control-Allow-Origin *;
    }

    location /pages/upload_batch.php/files/ {
        # Allow TUS headers
        add_header Access-Control-Allow-Origin *;
        add_header Access-Control-Allow-Methods "POST, HEAD, OPTIONS, PATCH";
        add_header Access-Control-Allow-Headers "Origin, X-Requested-With, Content-Type, Accept, Tus-Resumable, Upload-Offset, Upload-Metadata";

        include snippets/fastcgi-php.conf;
        fastcgi_pass unix:/run/php/php8.4-fpm.sock;
        fastcgi_param SCRIPT_FILENAME $document_root/pages/upload_batch.php;
        fastcgi_param PATH_INFO $uri;
        include fastcgi_params;

        # Pass X-Forwarded headers from ALB to PHP
        fastcgi_param HTTP_X_FORWARDED_PROTO $http_x_forwarded_proto;
        fastcgi_param HTTP_X_FORWARDED_FOR $proxy_add_x_forwarded_for;
        fastcgi_param HTTP_X_FORWARDED_HOST $http_x_forwarded_host;
    }

    location /plugins/simplesaml/ {
        alias /var/www/resourcespace/plugins/simplesaml/;
        index index.php;

        location ~ \.php$ {
            include snippets/fastcgi-php.conf;
            fastcgi_pass unix:/run/php/php8.4-fpm.sock;
            fastcgi_param SCRIPT_FILENAME $request_filename;
            include fastcgi_params;

            fastcgi_read_timeout 1200;
            fastcgi_connect_timeout 1200;
            fastcgi_send_timeout 1200;

            # Force PHP to see the public URL (because CloudFront can't forward Host)
            fastcgi_param HTTP_HOST              $public_host;
            fastcgi_param SERVER_NAME            $public_host;
            fastcgi_param SERVER_PORT            $public_port;
            fastcgi_param HTTPS                  "on";

            fastcgi_param HTTP_X_FORWARDED_PROTO $public_proto;
            fastcgi_param HTTP_X_FORWARDED_HOST  $public_host;
            fastcgi_param HTTP_X_FORWARDED_PORT  $public_port;
            fastcgi_param REQUEST_SCHEME $public_proto;
        }

        # Pass additional path info to PHP
        location ~ ^/plugins/simplesaml/lib/public/module\.php(/.*)?$ {
            include snippets/fastcgi-php.conf;
            fastcgi_pass unix:/run/php/php8.4-fpm.sock;
            fastcgi_param SCRIPT_FILENAME /var/www/resourcespace/plugins/simplesaml/lib/public/module.php;
            fastcgi_param PATH_INFO $1;
            include fastcgi_params;

            fastcgi_read_timeout 1200;
            fastcgi_connect_timeout 1200;
            fastcgi_send_timeout 1200;

            # --- Force public URL identity for SimpleSAML ---
            fastcgi_param HTTP_HOST              $public_host;
            fastcgi_param SERVER_NAME            $public_host;
            fastcgi_param SERVER_PORT            $public_port;
            fastcgi_param HTTPS                  "on";

            fastcgi_param HTTP_X_FORWARDED_HOST  $public_host;
            fastcgi_param HTTP_X_FORWARDED_PROTO $public_proto;
            fastcgi_param HTTP_X_FORWARDED_PORT  $public_port;
            fastcgi_param REQUEST_SCHEME $public_proto;
        }
    }

    # PHP processing
    location ~ \.php$ {
        include snippets/fastcgi-php.conf;
        fastcgi_pass unix:/run/php/php8.4-fpm.sock;
        fastcgi_param SCRIPT_FILENAME $document_root$fastcgi_script_name;
        include fastcgi_params;
        fastcgi_read_timeout 1200;
        fastcgi_connect_timeout 1200;
        fastcgi_send_timeout 1200;

        # Force PHP to see the public URL everywhere (workaround for non-forwarded Host)
        fastcgi_param HTTP_HOST              $public_host;
        fastcgi_param SERVER_NAME            $public_host;
        fastcgi_param SERVER_PORT            $public_port;
        fastcgi_param HTTPS                  "on";

        fastcgi_param HTTP_X_FORWARDED_HOST  $public_host;
        fastcgi_param HTTP_X_FORWARDED_PROTO $public_proto;
        fastcgi_param HTTP_X_FORWARDED_PORT  $public_port;
    }

    # Restrict access to hidden files
    location ~ /\.ht {
        deny all;
    }
}
nginx: the configuration file /etc/nginx/nginx.conf syntax is ok
nginx: configuration file /etc/nginx/nginx.conf test is successful
+ echo '### Installing nfs-common for EFS support ###'
### Installing nfs-common for EFS support ###
+ wait_for_dpkg_lock
+ sudo fuser /var/lib/dpkg/lock-frontend
+ sudo fuser /var/lib/apt/lists/lock
+ sudo apt-get update
Get:1 file:/etc/apt/mirrors/debian.list Mirrorlist [38 B]
Get:2 file:/etc/apt/mirrors/debian-security.list Mirrorlist [47 B]
Hit:3 https://cdn-aws.deb.debian.org/debian trixie InRelease
Hit:4 https://cdn-aws.deb.debian.org/debian trixie-updates InRelease
Hit:5 https://cdn-aws.deb.debian.org/debian trixie-backports InRelease
Hit:6 https://cdn-aws.deb.debian.org/debian-security trixie-security InRelease
Reading package lists...
+ wait_for_dpkg_lock
+ sudo fuser /var/lib/dpkg/lock-frontend
+ sudo fuser /var/lib/apt/lists/lock
+ sudo apt-get install -y nfs-common
Reading package lists...
Building dependency tree...
Reading state information...
The following additional packages will be installed:
  keyutils libevent-core-2.1-7t64 libnfsidmap1 rpcbind
Suggested packages:
  open-iscsi watchdog
The following NEW packages will be installed:
  keyutils libevent-core-2.1-7t64 libnfsidmap1 nfs-common rpcbind
0 upgraded, 5 newly installed, 0 to remove and 76 not upgraded.
Need to get 564 kB of archives.
After this operation, 2106 kB of additional disk space will be used.
Get:1 file:/etc/apt/mirrors/debian.list Mirrorlist [38 B]
Get:2 https://cdn-aws.deb.debian.org/debian trixie/main amd64 libevent-core-2.1-7t64 amd64 2.1.12-stable-10+b1 [132 kB]
Get:3 https://cdn-aws.deb.debian.org/debian trixie/main amd64 libnfsidmap1 amd64 1:2.8.3-1 [58.2 kB]
Get:4 https://cdn-aws.deb.debian.org/debian trixie/main amd64 rpcbind amd64 1.2.7-1 [48.9 kB]
Get:5 https://cdn-aws.deb.debian.org/debian trixie/main amd64 keyutils amd64 1.6.3-6 [55.7 kB]
Get:6 https://cdn-aws.deb.debian.org/debian trixie/main amd64 nfs-common amd64 1:2.8.3-1 [269 kB]
dpkg-preconfigure: unable to re-open stdin: No such file or directory
Fetched 564 kB in 0s (4705 kB/s)
Selecting previously unselected package libevent-core-2.1-7t64:amd64.
(Reading database ... 34764 files and directories currently installed.)
Preparing to unpack .../libevent-core-2.1-7t64_2.1.12-stable-10+b1_amd64.deb ...
Unpacking libevent-core-2.1-7t64:amd64 (2.1.12-stable-10+b1) ...
Selecting previously unselected package libnfsidmap1:amd64.
Preparing to unpack .../libnfsidmap1_1%3a2.8.3-1_amd64.deb ...
Unpacking libnfsidmap1:amd64 (1:2.8.3-1) ...
Selecting previously unselected package rpcbind.
Preparing to unpack .../rpcbind_1.2.7-1_amd64.deb ...
Unpacking rpcbind (1.2.7-1) ...
Selecting previously unselected package keyutils.
Preparing to unpack .../keyutils_1.6.3-6_amd64.deb ...
Unpacking keyutils (1.6.3-6) ...
Selecting previously unselected package nfs-common.
Preparing to unpack .../nfs-common_1%3a2.8.3-1_amd64.deb ...
Adding 'diversion of /lib/systemd/system/nfs-blkmap.service to /lib/systemd/system/nfs-blkmap.service.usr-is-merged by nfs-common'
Unpacking nfs-common (1:2.8.3-1) ...
Setting up libnfsidmap1:amd64 (1:2.8.3-1) ...
Setting up rpcbind (1.2.7-1) ...
Created symlink '/etc/systemd/system/multi-user.target.wants/rpcbind.service' → '/usr/lib/systemd/system/rpcbind.service'.
Created symlink '/etc/systemd/system/sockets.target.wants/rpcbind.socket' → '/usr/lib/systemd/system/rpcbind.socket'.
Setting up keyutils (1.6.3-6) ...
Setting up libevent-core-2.1-7t64:amd64 (2.1.12-stable-10+b1) ...
Setting up nfs-common (1:2.8.3-1) ...
Removing 'diversion of /lib/systemd/system/nfs-blkmap.service to /lib/systemd/system/nfs-blkmap.service.usr-is-merged by nfs-common'
Creating config file /etc/idmapd.conf with new version
Creating config file /etc/nfs.conf with new version
Created symlink '/etc/systemd/system/nfs-client.target.wants/nfs-blkmap.service' → '/usr/lib/systemd/system/nfs-blkmap.service'.
Created symlink '/etc/systemd/system/multi-user.target.wants/nfs-client.target' → '/usr/lib/systemd/system/nfs-client.target'.
Created symlink '/etc/systemd/system/remote-fs.target.wants/nfs-client.target' → '/usr/lib/systemd/system/nfs-client.target'.
auth-rpcgss-module.service is a disabled or a static unit, not starting it.
nfs-idmapd.service is a disabled or a static unit, not starting it.
nfs-utils.service is a disabled or a static unit, not starting it.
proc-fs-nfsd.mount is a disabled or a static unit, not starting it.
rpc-gssd.service is a disabled or a static unit, not starting it.
rpc-statd-notify.service is a disabled or a static unit, not starting it.
rpc-statd.service is a disabled or a static unit, not starting it.
rpc-svcgssd.service is a disabled or a static unit, not starting it.
Processing triggers for man-db (2.13.1-1) ...
Processing triggers for libc-bin (2.41-12) ...
+ echo '### Mounting the EFS filesystem ###'
### Mounting the EFS filesystem ###
+ cd /var/www/resourcespace
+ sudo mkdir filestore
+ sudo chown www-data:www-data filestore
+ sudo chmod -R 775 filestore
+ wait_for_dpkg_lock
+ sudo fuser /var/lib/dpkg/lock-frontend
+ sudo fuser /var/lib/apt/lists/lock
+ sudo mount -t nfs4 -o nfsvers=4.1,rsize=1048576,wsize=1048576,hard,timeo=600,retrans=2,noresvport fs-063655b5d2e3b1cc4.efs.ca-central-1.amazonaws.com:/ ./filestore
+ echo 'EFS mounted successfully as NFS4.'
EFS mounted successfully as NFS4.
+ echo '### Fixing EFS ownership ###'
### Fixing EFS ownership ###
+ echo '### Mounting the S3 bucket ###'
### Mounting the S3 bucket ###
+ sudo apt-get -y install s3fs
Reading package lists...
Building dependency tree...
Reading state information...
The following additional packages will be installed:
  fuse fuse3 libfuse2t64
The following NEW packages will be installed:
  fuse fuse3 libfuse2t64 s3fs
0 upgraded, 4 newly installed, 0 to remove and 76 not upgraded.
Need to get 485 kB of archives.
After this operation, 1319 kB of additional disk space will be used.
Get:1 file:/etc/apt/mirrors/debian.list Mirrorlist [38 B]
Get:2 https://cdn-aws.deb.debian.org/debian trixie/main amd64 fuse3 amd64 3.17.2-3 [41.3 kB]
Get:3 https://cdn-aws.deb.debian.org/debian trixie/main amd64 fuse all 3.17.2-3 [16.4 kB]
Get:4 https://cdn-aws.deb.debian.org/debian trixie/main amd64 libfuse2t64 amd64 2.9.9-9 [121 kB]
Get:5 https://cdn-aws.deb.debian.org/debian trixie/main amd64 s3fs amd64 1.95-1 [307 kB]
dpkg-preconfigure: unable to re-open stdin: No such file or directory
Fetched 485 kB in 0s (3807 kB/s)
Selecting previously unselected package fuse3.
(Reading database ... 34903 files and directories currently installed.)
Preparing to unpack .../fuse3_3.17.2-3_amd64.deb ...
Adding 'diversion of /bin/fusermount to /bin/fusermount.usr-is-merged by fuse3'
Adding 'diversion of /sbin/mount.fuse to /sbin/mount.fuse.usr-is-merged by fuse3'
Unpacking fuse3 (3.17.2-3) ...
Selecting previously unselected package fuse.
Preparing to unpack .../archives/fuse_3.17.2-3_all.deb ...
Unpacking fuse (3.17.2-3) ...
Selecting previously unselected package libfuse2t64:amd64.
Preparing to unpack .../libfuse2t64_2.9.9-9_amd64.deb ...
Adding 'diversion of /lib/x86_64-linux-gnu/libfuse.so.2 to /lib/x86_64-linux-gnu/libfuse.so.2.usr-is-merged by libfuse2t64'
Adding 'diversion of /lib/x86_64-linux-gnu/libfuse.so.2.9.9 to /lib/x86_64-linux-gnu/libfuse.so.2.9.9.usr-is-merged by libfuse2t64'
Adding 'diversion of /lib/x86_64-linux-gnu/libulockmgr.so.1 to /lib/x86_64-linux-gnu/libulockmgr.so.1.usr-is-merged by libfuse2t64'
Adding 'diversion of /lib/x86_64-linux-gnu/libulockmgr.so.1.0.1 to /lib/x86_64-linux-gnu/libulockmgr.so.1.0.1.usr-is-merged by libfuse2t64'
Unpacking libfuse2t64:amd64 (2.9.9-9) ...
Selecting previously unselected package s3fs.
Preparing to unpack .../archives/s3fs_1.95-1_amd64.deb ...
Unpacking s3fs (1.95-1) ...
Setting up fuse3 (3.17.2-3) ...
Removing 'diversion of /bin/fusermount to /bin/fusermount.usr-is-merged by fuse3'
Removing 'diversion of /sbin/mount.fuse to /sbin/mount.fuse.usr-is-merged by fuse3'
update-initramfs: deferring update (trigger activated)
Setting up libfuse2t64:amd64 (2.9.9-9) ...
Removing 'diversion of /lib/x86_64-linux-gnu/libfuse.so.2 to /lib/x86_64-linux-gnu/libfuse.so.2.usr-is-merged by libfuse2t64'
Removing 'diversion of /lib/x86_64-linux-gnu/libfuse.so.2.9.9 to /lib/x86_64-linux-gnu/libfuse.so.2.9.9.usr-is-merged by libfuse2t64'
Removing 'diversion of /lib/x86_64-linux-gnu/libulockmgr.so.1 to /lib/x86_64-linux-gnu/libulockmgr.so.1.usr-is-merged by libfuse2t64'
Removing 'diversion of /lib/x86_64-linux-gnu/libulockmgr.so.1.0.1 to /lib/x86_64-linux-gnu/libulockmgr.so.1.0.1.usr-is-merged by libfuse2t64'
Setting up fuse (3.17.2-3) ...
Setting up s3fs (1.95-1) ...
Processing triggers for initramfs-tools (0.148.3) ...
update-initramfs: Generating /boot/initrd.img-6.12.48+deb13-cloud-amd64
Processing triggers for libc-bin (2.41-12) ...
Processing triggers for man-db (2.13.1-1) ...
+ sudo mkdir /mnt/s3-backup
+ sudo sed -i 's/^#\s*user_allow_other/user_allow_other/' /etc/fuse.conf
+ sudo s3fs bcparks-dam-backup-test /mnt/s3-backup -o iam_role=BCParks-DAM-EC2-Role -o use_cache=/tmp -o allow_other -o uid=1001 -o gid=1001 -o mp_umask=022 -o multireq_max=5 -o use_path_request_style -o url=https://s3-ca-central-1.amazonaws.com -o endpoint=ca-central-1
+ echo '### Customizing the Resourcespace config ###'
### Customizing the Resourcespace config ###
+ sudo mkdir /tmp/bcparks-dam/repos
+ cd /tmp
+ tee -a bcparks-dam/src/resourcespace/files/config.php

......redacted......

+ cd /var/www/resourcespace/include
+ sudo cp /tmp/bcparks-dam/src/resourcespace/files/config.php .
+ sudo sed -i 's/$baseurl = '\'''\'';/$baseurl = '\''https:\/\/test-images.bcparks.ca'\'';/g' config.php
+ sudo chown www-data:www-data config.php
+ sudo chmod 664 config.php
+ cd /var/www/resourcespace
+ sudo cp /tmp/bcparks-dam/src/resourcespace/files/health-check.php .
+ sudo chown www-data:www-data health-check.php
+ sudo chmod 664 health-check.php
+ sudo mkdir -p /var/www/resourcespace/filestore/system/config
+ sudo chown www-data:www-data /var/www/resourcespace/filestore/system/config
+ sudo chmod 775 /var/www/resourcespace/filestore/system/config
+ cd /var/www/resourcespace/filestore/system/config
+ sudo cp /tmp/bcparks-dam/src/resourcespace/files/header_favicon.png .
+ sudo cp /tmp/bcparks-dam/src/resourcespace/files/linkedheaderimgsrc.png .
+ sudo cp /tmp/bcparks-dam/src/resourcespace/files/custom_font.woff2 .
+ sudo chown www-data:www-data custom_font.woff2 header_favicon.png linkedheaderimgsrc.png
+ sudo chmod 664 custom_font.woff2 header_favicon.png linkedheaderimgsrc.png
+ cd /var/www/resourcespace/filestore/system
+ sudo unzip -o /tmp/bcparks-dam/src/resourcespace/files/montala-support.zip
Archive:  /tmp/bcparks-dam/src/resourcespace/files/montala-support.zip
  inflating: plugins/montala_support/hooks/team_home.php
  inflating: plugins/montala_support/montala_support.yaml
+ sudo chown -R www-data:www-data plugins
+ sudo chmod -R 775 plugins
+ sudo mkdir -p /var/www/resourcespace/filestore/system/slideshow_a383ab9e2f595db
+ sudo chown www-data:www-data /var/www/resourcespace/filestore/system/slideshow_a383ab9e2f595db
+ sudo chmod 775 /var/www/resourcespace/filestore/system/slideshow_a383ab9e2f595db
+ cd ..
+ sudo rm -f tmp/querycache/plugins_23640bd3ece3dff8ed32c40a659e3a60_54b390eae3bf7f888fa7ff2636e55426.json tmp/querycache/plugins_3e3e517ac80157b8b6048cef2e92f565_561f949a68b007dcbce1299dbf9d1173.json tmp/querycache/plugins_499c09ee916bc5637fea8879fcb867f4_09c7a57c03a173f208fa2e0bd4a40343.json tmp/querycache/plugins_4c5ca96ba51d562490e2ac5a3fc9afd2_a3d3453ac592ba0e01bde487719fecd5.json tmp/querycache/plugins_9274bea8a504de365bd64d14ef229509_2820f076596f60c0a6c6aef779d83d8d.json tmp/querycache/plugins_9bb54a68a7a1c173aaea058198148b6e_3174e5783b252d8ec414a24dfd551ed3.json tmp/querycache/plugins_afa0104e08576737f7df27f53167acc3_c436dfb2093ffd43fdb04f42c033ba62.json tmp/querycache/plugins_b5e5aff26c744b3e8ee8bfb3ccec6746_2e2fb75ec2ac50f8f0070b53fd2dd301.json tmp/querycache/plugins_b6fc5c7be54ca8cffb59e0c4953c0d24_0f1b15c5e115e2ac95c0c9cfcd27f90f.json tmp/querycache/plugins_ea2a83a93c3407fa584998753d73d435_e0a3f93fe3172b0dd9ccb5c009d77360.json tmp/querycache/preferences_958cac2f948df80ee5c79e3658691292_53345180d2433a10b805894b3d0e0c68.json tmp/querycache/sitetext_0971c66d4758fb2bff629397408873ed_913c6d26da0760389d9fb2110b8089c7.json tmp/querycache/sitetext_2782bb16972e7d19e65a516081a6df95_7427fc0140e1a588830c060ef0eda3ef.json tmp/querycache/sitetext_42011cec8f25e4128749b81409a87833_1c0ed6b2ad97d284592e4dd30cd41c6d.json tmp/querycache/sitetext_7feabb2dba1f9132b567dbad6fd8da59_5c75fc9c9f34f0bfbb961827b533ef73.json tmp/querycache/sysvars_1d22cb57a118e3c1cee62b545b1d532b_91a2bca73964b414f4c60e3b2ae8d0c2.json tmp/querycache/sysvars_22ae14e73536a9116bbaff870cd557cf_5202026011a0aafb0426d1b841e797ef.json tmp/querycache/sysvars_362f2186037cf85db49140e67c5d339b_0f53f55a194fb01c8803b74e19445eb6.json tmp/querycache/workflow_a21fb49dd48e6c2da3d76c94464ddaa3_135ad046713faad6f417020a5b1ddde3.json
+ echo '### Clear the tmp folder ###'
### Clear the tmp folder ###
+ sudo rm -rf tmp/ae2b51c611359a9187f18eb2a6f44741 tmp/querycache
+ sudo mkdir -p simplesaml/data
+ sudo mkdir -p simplesaml/log
+ sudo chown www-data:www-data -R simplesaml
+ sudo chmod 775 -R simplesaml
++ php -r 'echo implode(".", array_slice(explode(".", phpversion()), 0, 2));'
+ PHP_VERSION=8.4
+ PHP_INI=/etc/php/8.4/fpm/php.ini
+ PHP_POOL=/etc/php/8.4/fpm/pool.d/www.conf
+ '[' -f /etc/php/8.4/fpm/php.ini ']'
+ sudo sed -i 's|^memory_limit = .*|memory_limit = 4096M|' /etc/php/8.4/fpm/php.ini
+ sudo sed -i 's|^post_max_size = .*|post_max_size = 2048M|' /etc/php/8.4/fpm/php.ini
+ sudo sed -i 's|^upload_max_filesize = .*|upload_max_filesize = 2048M|' /etc/php/8.4/fpm/php.ini
+ sudo sed -i 's|^max_file_uploads = .*|max_file_uploads = 100|' /etc/php/8.4/fpm/php.ini
+ sudo sed -i 's|^upload_tmp_dir = .*|upload_tmp_dir = /var/www/resourcespace/filestore/tmp|' /etc/php/8.4/fpm/php.ini
+ sudo sed -i 's|^date.timezone = .*|date.timezone = "America/Vancouver"|' /etc/php/8.4/fpm/php.ini
+ sudo sed -i 's|^max_execution_time = .*|max_execution_time = 1200|' /etc/php/8.4/fpm/php.ini
+ sudo sed -i 's|^max_input_time = .*|max_input_time = 1200|' /etc/php/8.4/fpm/php.ini
+ sudo sed -i 's|^max_input_vars = .*|max_input_vars = 2000|' /etc/php/8.4/fpm/php.ini
+ '[' -f /etc/php/8.4/fpm/pool.d/www.conf ']'
+ sudo sed -i 's|^[;[:space:]]*pm.max_children\s*=.*|pm.max_children = 50|' /etc/php/8.4/fpm/pool.d/www.conf
+ sudo sed -i 's|^[;[:space:]]*pm.start_servers\s*=.*|pm.start_servers = 15|' /etc/php/8.4/fpm/pool.d/www.conf
+ sudo sed -i 's|^[;[:space:]]*pm.min_spare_servers\s*=.*|pm.min_spare_servers = 10|' /etc/php/8.4/fpm/pool.d/www.conf
+ sudo sed -i 's|^[;[:space:]]*pm.max_spare_servers\s*=.*|pm.max_spare_servers = 25|' /etc/php/8.4/fpm/pool.d/www.conf
+ sudo sed -i 's|^[;[:space:]]*pm.max_requests\s*=.*|pm.max_requests = 500|' /etc/php/8.4/fpm/pool.d/www.conf
+ sudo sed -i 's|^[;[:space:]]*request_terminate_timeout\s*=.*|request_terminate_timeout = 1200|' /etc/php/8.4/fpm/pool.d/www.conf
+ sudo apt-get install -y imagemagick php-imagick
Reading package lists...
Building dependency tree...
Reading state information...
The following additional packages will be installed:
  fontconfig fonts-droid-fallback fonts-noto-mono fonts-urw-base35 ghostscript
  hicolor-icon-theme imagemagick-7-common imagemagick-7.q16 libavahi-client3
  libavahi-common-data libavahi-common3 libcairo2 libcups2t64 libdatrie1
  libdjvulibre-text libdjvulibre21 libfftw3-double3 libfontenc1 libfribidi0
  libgraphite2-3 libgs-common libgs10 libgs10-common libharfbuzz0b libice6
  libidn12 libijs-0.35 libimath-3-1-29t64 libjbig2dec0 libjxr-tools libjxr0t64
  liblcms2-2 liblqr-1-0 libltdl7 libmagickcore-7.q16-10
  libmagickcore-7.q16-10-extra libmagickwand-7.q16-10 libnetpbm11t64
  libopenexr-3-1-30 libopenjp2-7 libpango-1.0-0 libpangocairo-1.0-0
  libpangoft2-1.0-0 libpaper-utils libpaper2 libpixman-1-0 libraw23t64 libsm6
  libthai-data libthai0 libwebpdemux2 libwebpmux3 libwmflite-0.2-7
  libxcb-render0 libxcb-shm0 libxext6 libxrender1 libxt6t64 netpbm
  php8.4-imagick poppler-data x11-common xfonts-encodings xfonts-utils
Suggested packages:
  fonts-noto fonts-freefont-otf | fonts-freefont-ttf fonts-texgyre
  texlive-binaries imagemagick-7-doc autotrace cups-bsd | lpr | lprng enscript
  ffmpeg gimp gnuplot grads graphviz hp2xx html2ps libwmf-bin mplayer povray
  radiance sane-utils texlive-base-bin transfig libraw-bin xdg-utils
  cups-common libfftw3-bin libfftw3-dev liblcms2-utils inkscape poppler-utils
  fonts-japanese-mincho | fonts-ipafont-mincho fonts-japanese-gothic
  | fonts-ipafont-gothic fonts-arphic-ukai fonts-arphic-uming fonts-nanum
The following NEW packages will be installed:
  fontconfig fonts-droid-fallback fonts-noto-mono fonts-urw-base35 ghostscript
  hicolor-icon-theme imagemagick imagemagick-7-common imagemagick-7.q16
  libavahi-client3 libavahi-common-data libavahi-common3 libcairo2 libcups2t64
  libdatrie1 libdjvulibre-text libdjvulibre21 libfftw3-double3 libfontenc1
  libfribidi0 libgraphite2-3 libgs-common libgs10 libgs10-common libharfbuzz0b
  libice6 libidn12 libijs-0.35 libimath-3-1-29t64 libjbig2dec0 libjxr-tools
  libjxr0t64 liblcms2-2 liblqr-1-0 libltdl7 libmagickcore-7.q16-10
  libmagickcore-7.q16-10-extra libmagickwand-7.q16-10 libnetpbm11t64
  libopenexr-3-1-30 libopenjp2-7 libpango-1.0-0 libpangocairo-1.0-0
  libpangoft2-1.0-0 libpaper-utils libpaper2 libpixman-1-0 libraw23t64 libsm6
  libthai-data libthai0 libwebpdemux2 libwebpmux3 libwmflite-0.2-7
  libxcb-render0 libxcb-shm0 libxext6 libxrender1 libxt6t64 netpbm php-imagick
  php8.4-imagick poppler-data x11-common xfonts-encodings xfonts-utils
0 upgraded, 66 newly installed, 0 to remove and 76 not upgraded.
Need to get 32.0 MB of archives.
After this operation, 112 MB of additional disk space will be used.
Get:1 file:/etc/apt/mirrors/debian.list Mirrorlist [38 B]
Get:2 file:/etc/apt/mirrors/debian-security.list Mirrorlist [47 B]
Get:3 https://cdn-aws.deb.debian.org/debian trixie/main amd64 libfftw3-double3 amd64 3.3.10-2+b1 [781 kB]
Get:4 https://cdn-aws.deb.debian.org/debian trixie/main amd64 liblcms2-2 amd64 2.16-2+deb13u2 [160 kB]
Get:5 https://cdn-aws.deb.debian.org/debian trixie/main amd64 liblqr-1-0 amd64 0.4.2-2.1+b2 [29.5 kB]
Get:6 https://cdn-aws.deb.debian.org/debian trixie/main amd64 libltdl7 amd64 2.5.4-4 [416 kB]
Get:7 https://cdn-aws.deb.debian.org/debian trixie/main amd64 libraw23t64 amd64 0.21.4-2 [390 kB]
Get:8 https://cdn-aws.deb.debian.org/debian trixie/main amd64 libwebpdemux2 amd64 1.5.0-0.1 [113 kB]
Get:9 https://cdn-aws.deb.debian.org/debian trixie/main amd64 libwebpmux3 amd64 1.5.0-0.1 [126 kB]
Get:10 https://cdn-aws.deb.debian.org/debian trixie/main amd64 libxext6 amd64 2:1.3.4-1+b3 [50.4 kB]
Get:11 https://cdn-aws.deb.debian.org/debian-security trixie-security/main amd64 libopenjp2-7 amd64 2.5.3-2.1~deb13u2 [205 kB]
Get:12 https://cdn-aws.deb.debian.org/debian-security trixie-security/main amd64 imagemagick-7-common all 8:7.1.1.43+dfsg1-1+deb13u9 [75.6 kB]
Get:13 https://cdn-aws.deb.debian.org/debian-security trixie-security/main amd64 libmagickcore-7.q16-10 amd64 8:7.1.1.43+dfsg1-1+deb13u9 [1856 kB]
Get:14 https://cdn-aws.deb.debian.org/debian-security trixie-security/main amd64 libmagickwand-7.q16-10 amd64 8:7.1.1.43+dfsg1-1+deb13u9 [350 kB]
Get:15 https://cdn-aws.deb.debian.org/debian trixie/main amd64 php8.4-imagick amd64 3.8.0-2 [104 kB]
Get:16 https://cdn-aws.deb.debian.org/debian trixie/main amd64 php-imagick all 3.8.0-2 [7308 B]
Get:17 https://cdn-aws.deb.debian.org/debian trixie/main amd64 poppler-data all 0.4.12-1 [1601 kB]
Get:18 https://cdn-aws.deb.debian.org/debian trixie/main amd64 fontconfig amd64 2.15.0-2.3 [463 kB]
Get:19 https://cdn-aws.deb.debian.org/debian trixie/main amd64 fonts-droid-fallback all 1:8.1.0r7-1~1.gbp36536b [1807 kB]
Get:20 https://cdn-aws.deb.debian.org/debian trixie/main amd64 fonts-noto-mono all 20201225-2 [398 kB]
Get:21 https://cdn-aws.deb.debian.org/debian trixie/main amd64 libfontenc1 amd64 1:1.1.8-1+b2 [23.3 kB]
Get:22 https://cdn-aws.deb.debian.org/debian trixie/main amd64 x11-common all 1:7.7+24+deb13u1 [217 kB]
Get:23 https://cdn-aws.deb.debian.org/debian trixie/main amd64 xfonts-encodings all 1:1.0.4-2.2 [577 kB]
Get:24 https://cdn-aws.deb.debian.org/debian trixie/main amd64 xfonts-utils amd64 1:7.7+7 [93.3 kB]
Get:25 https://cdn-aws.deb.debian.org/debian trixie/main amd64 fonts-urw-base35 all 20200910-8 [10.8 MB]
Get:26 https://cdn-aws.deb.debian.org/debian trixie/main amd64 libgs-common all 10.05.1~dfsg-1+deb13u1 [148 kB]
Get:27 https://cdn-aws.deb.debian.org/debian trixie/main amd64 libgs10-common all 10.05.1~dfsg-1+deb13u1 [479 kB]
Get:28 https://cdn-aws.deb.debian.org/debian trixie/main amd64 libavahi-common-data amd64 0.8-16 [112 kB]
Get:29 https://cdn-aws.deb.debian.org/debian trixie/main amd64 libavahi-common3 amd64 0.8-16 [44.2 kB]
Get:30 https://cdn-aws.deb.debian.org/debian trixie/main amd64 libavahi-client3 amd64 0.8-16 [48.4 kB]
Get:31 https://cdn-aws.deb.debian.org/debian trixie/main amd64 libcups2t64 amd64 2.4.10-3+deb13u2 [252 kB]
Get:32 https://cdn-aws.deb.debian.org/debian trixie/main amd64 libidn12 amd64 1.43-1 [47.7 kB]
Get:33 https://cdn-aws.deb.debian.org/debian trixie/main amd64 libijs-0.35 amd64 0.35-15.2 [14.8 kB]
Get:34 https://cdn-aws.deb.debian.org/debian trixie/main amd64 libjbig2dec0 amd64 0.20-1+b3 [65.1 kB]
Get:35 https://cdn-aws.deb.debian.org/debian trixie/main amd64 libpaper2 amd64 2.2.5-0.3+b2 [16.7 kB]
Get:36 https://cdn-aws.deb.debian.org/debian trixie/main amd64 libice6 amd64 2:1.1.1-1 [65.4 kB]
Get:37 https://cdn-aws.deb.debian.org/debian trixie/main amd64 libsm6 amd64 2:1.2.6-1 [37.3 kB]
Get:38 https://cdn-aws.deb.debian.org/debian trixie/main amd64 libxt6t64 amd64 1:1.2.1-1.2+b2 [188 kB]
Get:39 https://cdn-aws.deb.debian.org/debian trixie/main amd64 libgs10 amd64 10.05.1~dfsg-1+deb13u1 [2566 kB]
Get:40 https://cdn-aws.deb.debian.org/debian trixie/main amd64 ghostscript amd64 10.05.1~dfsg-1+deb13u1 [50.4 kB]
Get:41 https://cdn-aws.deb.debian.org/debian trixie/main amd64 hicolor-icon-theme all 0.18-2 [11.8 kB]
Get:42 https://cdn-aws.deb.debian.org/debian-security trixie-security/main amd64 imagemagick-7.q16 amd64 8:7.1.1.43+dfsg1-1+deb13u9 [734 kB]
Get:43 https://cdn-aws.deb.debian.org/debian-security trixie-security/main amd64 imagemagick amd64 8:7.1.1.43+dfsg1-1+deb13u9 [28.1 kB]
Get:44 https://cdn-aws.deb.debian.org/debian trixie/main amd64 libpixman-1-0 amd64 0.44.0-3 [248 kB]
Get:45 https://cdn-aws.deb.debian.org/debian trixie/main amd64 libxcb-render0 amd64 1.17.0-2+b1 [115 kB]
Get:46 https://cdn-aws.deb.debian.org/debian trixie/main amd64 libxcb-shm0 amd64 1.17.0-2+b1 [105 kB]
Get:47 https://cdn-aws.deb.debian.org/debian trixie/main amd64 libxrender1 amd64 1:0.9.12-1 [27.9 kB]
Get:48 https://cdn-aws.deb.debian.org/debian trixie/main amd64 libcairo2 amd64 1.18.4-1+b1 [538 kB]
Get:49 https://cdn-aws.deb.debian.org/debian trixie/main amd64 libdatrie1 amd64 0.2.13-3+b1 [38.1 kB]
Get:50 https://cdn-aws.deb.debian.org/debian trixie/main amd64 libdjvulibre-text all 3.5.28-2.2 [52.0 kB]
Get:51 https://cdn-aws.deb.debian.org/debian trixie/main amd64 libdjvulibre21 amd64 3.5.28-2.2 [610 kB]
Get:52 https://cdn-aws.deb.debian.org/debian trixie/main amd64 libfribidi0 amd64 1.0.16-1 [26.5 kB]
Get:53 https://cdn-aws.deb.debian.org/debian trixie/main amd64 libgraphite2-3 amd64 1.3.14-2+b1 [75.4 kB]
Get:54 https://cdn-aws.deb.debian.org/debian trixie/main amd64 libharfbuzz0b amd64 10.2.0-1+deb13u1 [479 kB]
Get:55 https://cdn-aws.deb.debian.org/debian trixie/main amd64 libimath-3-1-29t64 amd64 3.1.12-1+b3 [45.5 kB]
Get:56 https://cdn-aws.deb.debian.org/debian trixie/main amd64 libjxr0t64 amd64 1.2~git20170615.f752187-5.3 [171 kB]
Get:57 https://cdn-aws.deb.debian.org/debian trixie/main amd64 libjxr-tools amd64 1.2~git20170615.f752187-5.3 [16.9 kB]
Get:58 https://cdn-aws.deb.debian.org/debian trixie/main amd64 libopenexr-3-1-30 amd64 3.1.13-2 [945 kB]
Get:59 https://cdn-aws.deb.debian.org/debian trixie/main amd64 libthai-data all 0.1.29-2 [168 kB]
Get:60 https://cdn-aws.deb.debian.org/debian trixie/main amd64 libthai0 amd64 0.1.29-2+b1 [49.4 kB]
Get:61 https://cdn-aws.deb.debian.org/debian trixie/main amd64 libpango-1.0-0 amd64 1.56.3-1 [226 kB]
Get:62 https://cdn-aws.deb.debian.org/debian trixie/main amd64 libpangoft2-1.0-0 amd64 1.56.3-1 [55.6 kB]
Get:63 https://cdn-aws.deb.debian.org/debian trixie/main amd64 libpangocairo-1.0-0 amd64 1.56.3-1 [35.7 kB]
Get:64 https://cdn-aws.deb.debian.org/debian trixie/main amd64 libwmflite-0.2-7 amd64 0.2.13-1.1+b3 [75.6 kB]
Get:65 https://cdn-aws.deb.debian.org/debian-security trixie-security/main amd64 libmagickcore-7.q16-10-extra amd64 8:7.1.1.43+dfsg1-1+deb13u9 [80.9 kB]
Get:66 https://cdn-aws.deb.debian.org/debian trixie/main amd64 libnetpbm11t64 amd64 2:11.10.02-1 [184 kB]
Get:67 https://cdn-aws.deb.debian.org/debian trixie/main amd64 libpaper-utils amd64 2.2.5-0.3+b2 [16.5 kB]
Get:68 https://cdn-aws.deb.debian.org/debian trixie/main amd64 netpbm amd64 2:11.10.02-1 [2083 kB]
dpkg-preconfigure: unable to re-open stdin: No such file or directory
Fetched 32.0 MB in 1s (62.7 MB/s)
Selecting previously unselected package libfftw3-double3:amd64.
(Reading database ... 34945 files and directories currently installed.)
Preparing to unpack .../00-libfftw3-double3_3.3.10-2+b1_amd64.deb ...
Unpacking libfftw3-double3:amd64 (3.3.10-2+b1) ...
Selecting previously unselected package liblcms2-2:amd64.
Preparing to unpack .../01-liblcms2-2_2.16-2+deb13u2_amd64.deb ...
Unpacking liblcms2-2:amd64 (2.16-2+deb13u2) ...
Selecting previously unselected package liblqr-1-0:amd64.
Preparing to unpack .../02-liblqr-1-0_0.4.2-2.1+b2_amd64.deb ...
Unpacking liblqr-1-0:amd64 (0.4.2-2.1+b2) ...
Selecting previously unselected package libltdl7:amd64.
Preparing to unpack .../03-libltdl7_2.5.4-4_amd64.deb ...
Unpacking libltdl7:amd64 (2.5.4-4) ...
Selecting previously unselected package libopenjp2-7:amd64.
Preparing to unpack .../04-libopenjp2-7_2.5.3-2.1~deb13u2_amd64.deb ...
Unpacking libopenjp2-7:amd64 (2.5.3-2.1~deb13u2) ...
Selecting previously unselected package libraw23t64:amd64.
Preparing to unpack .../05-libraw23t64_0.21.4-2_amd64.deb ...
Unpacking libraw23t64:amd64 (0.21.4-2) ...
Selecting previously unselected package libwebpdemux2:amd64.
Preparing to unpack .../06-libwebpdemux2_1.5.0-0.1_amd64.deb ...
Unpacking libwebpdemux2:amd64 (1.5.0-0.1) ...
Selecting previously unselected package libwebpmux3:amd64.
Preparing to unpack .../07-libwebpmux3_1.5.0-0.1_amd64.deb ...
Unpacking libwebpmux3:amd64 (1.5.0-0.1) ...
Selecting previously unselected package libxext6:amd64.
Preparing to unpack .../08-libxext6_2%3a1.3.4-1+b3_amd64.deb ...
Unpacking libxext6:amd64 (2:1.3.4-1+b3) ...
Selecting previously unselected package imagemagick-7-common.
Preparing to unpack .../09-imagemagick-7-common_8%3a7.1.1.43+dfsg1-1+deb13u9_all.deb ...
Unpacking imagemagick-7-common (8:7.1.1.43+dfsg1-1+deb13u9) ...
Selecting previously unselected package libmagickcore-7.q16-10:amd64.
Preparing to unpack .../10-libmagickcore-7.q16-10_8%3a7.1.1.43+dfsg1-1+deb13u9_amd64.deb ...
Unpacking libmagickcore-7.q16-10:amd64 (8:7.1.1.43+dfsg1-1+deb13u9) ...
Selecting previously unselected package libmagickwand-7.q16-10:amd64.
Preparing to unpack .../11-libmagickwand-7.q16-10_8%3a7.1.1.43+dfsg1-1+deb13u9_amd64.deb ...
Unpacking libmagickwand-7.q16-10:amd64 (8:7.1.1.43+dfsg1-1+deb13u9) ...
Selecting previously unselected package php8.4-imagick.
Preparing to unpack .../12-php8.4-imagick_3.8.0-2_amd64.deb ...
Unpacking php8.4-imagick (3.8.0-2) ...
Selecting previously unselected package php-imagick.
Preparing to unpack .../13-php-imagick_3.8.0-2_all.deb ...
Unpacking php-imagick (3.8.0-2) ...
Selecting previously unselected package poppler-data.
Preparing to unpack .../14-poppler-data_0.4.12-1_all.deb ...
Unpacking poppler-data (0.4.12-1) ...
Selecting previously unselected package fontconfig.
Preparing to unpack .../15-fontconfig_2.15.0-2.3_amd64.deb ...
Unpacking fontconfig (2.15.0-2.3) ...
Selecting previously unselected package fonts-droid-fallback.
Preparing to unpack .../16-fonts-droid-fallback_1%3a8.1.0r7-1~1.gbp36536b_all.deb ...
Unpacking fonts-droid-fallback (1:8.1.0r7-1~1.gbp36536b) ...
Selecting previously unselected package fonts-noto-mono.
Preparing to unpack .../17-fonts-noto-mono_20201225-2_all.deb ...
Unpacking fonts-noto-mono (20201225-2) ...
Selecting previously unselected package libfontenc1:amd64.
Preparing to unpack .../18-libfontenc1_1%3a1.1.8-1+b2_amd64.deb ...
Unpacking libfontenc1:amd64 (1:1.1.8-1+b2) ...
Selecting previously unselected package x11-common.
Preparing to unpack .../19-x11-common_1%3a7.7+24+deb13u1_all.deb ...
Unpacking x11-common (1:7.7+24+deb13u1) ...
Selecting previously unselected package xfonts-encodings.
Preparing to unpack .../20-xfonts-encodings_1%3a1.0.4-2.2_all.deb ...
Unpacking xfonts-encodings (1:1.0.4-2.2) ...
Selecting previously unselected package xfonts-utils.
Preparing to unpack .../21-xfonts-utils_1%3a7.7+7_amd64.deb ...
Unpacking xfonts-utils (1:7.7+7) ...
Selecting previously unselected package fonts-urw-base35.
Preparing to unpack .../22-fonts-urw-base35_20200910-8_all.deb ...
Unpacking fonts-urw-base35 (20200910-8) ...
Selecting previously unselected package libgs-common.
Preparing to unpack .../23-libgs-common_10.05.1~dfsg-1+deb13u1_all.deb ...
Unpacking libgs-common (10.05.1~dfsg-1+deb13u1) ...
Selecting previously unselected package libgs10-common.
Preparing to unpack .../24-libgs10-common_10.05.1~dfsg-1+deb13u1_all.deb ...
Unpacking libgs10-common (10.05.1~dfsg-1+deb13u1) ...
Selecting previously unselected package libavahi-common-data:amd64.
Preparing to unpack .../25-libavahi-common-data_0.8-16_amd64.deb ...
Unpacking libavahi-common-data:amd64 (0.8-16) ...
Selecting previously unselected package libavahi-common3:amd64.
Preparing to unpack .../26-libavahi-common3_0.8-16_amd64.deb ...
Unpacking libavahi-common3:amd64 (0.8-16) ...
Selecting previously unselected package libavahi-client3:amd64.
Preparing to unpack .../27-libavahi-client3_0.8-16_amd64.deb ...
Unpacking libavahi-client3:amd64 (0.8-16) ...
Selecting previously unselected package libcups2t64:amd64.
Preparing to unpack .../28-libcups2t64_2.4.10-3+deb13u2_amd64.deb ...
Unpacking libcups2t64:amd64 (2.4.10-3+deb13u2) ...
Selecting previously unselected package libidn12:amd64.
Preparing to unpack .../29-libidn12_1.43-1_amd64.deb ...
Unpacking libidn12:amd64 (1.43-1) ...
Selecting previously unselected package libijs-0.35:amd64.
Preparing to unpack .../30-libijs-0.35_0.35-15.2_amd64.deb ...
Unpacking libijs-0.35:amd64 (0.35-15.2) ...
Selecting previously unselected package libjbig2dec0:amd64.
Preparing to unpack .../31-libjbig2dec0_0.20-1+b3_amd64.deb ...
Unpacking libjbig2dec0:amd64 (0.20-1+b3) ...
Selecting previously unselected package libpaper2:amd64.
Preparing to unpack .../32-libpaper2_2.2.5-0.3+b2_amd64.deb ...
Unpacking libpaper2:amd64 (2.2.5-0.3+b2) ...
Selecting previously unselected package libice6:amd64.
Preparing to unpack .../33-libice6_2%3a1.1.1-1_amd64.deb ...
Unpacking libice6:amd64 (2:1.1.1-1) ...
Selecting previously unselected package libsm6:amd64.
Preparing to unpack .../34-libsm6_2%3a1.2.6-1_amd64.deb ...
Unpacking libsm6:amd64 (2:1.2.6-1) ...
Selecting previously unselected package libxt6t64:amd64.
Preparing to unpack .../35-libxt6t64_1%3a1.2.1-1.2+b2_amd64.deb ...
Unpacking libxt6t64:amd64 (1:1.2.1-1.2+b2) ...
Selecting previously unselected package libgs10:amd64.
Preparing to unpack .../36-libgs10_10.05.1~dfsg-1+deb13u1_amd64.deb ...
Unpacking libgs10:amd64 (10.05.1~dfsg-1+deb13u1) ...
Selecting previously unselected package ghostscript.
Preparing to unpack .../37-ghostscript_10.05.1~dfsg-1+deb13u1_amd64.deb ...
Unpacking ghostscript (10.05.1~dfsg-1+deb13u1) ...
Selecting previously unselected package hicolor-icon-theme.
Preparing to unpack .../38-hicolor-icon-theme_0.18-2_all.deb ...
Unpacking hicolor-icon-theme (0.18-2) ...
Selecting previously unselected package imagemagick-7.q16.
Preparing to unpack .../39-imagemagick-7.q16_8%3a7.1.1.43+dfsg1-1+deb13u9_amd64.deb ...
Unpacking imagemagick-7.q16 (8:7.1.1.43+dfsg1-1+deb13u9) ...
Selecting previously unselected package imagemagick.
Preparing to unpack .../40-imagemagick_8%3a7.1.1.43+dfsg1-1+deb13u9_amd64.deb ...
Unpacking imagemagick (8:7.1.1.43+dfsg1-1+deb13u9) ...
Selecting previously unselected package libpixman-1-0:amd64.
Preparing to unpack .../41-libpixman-1-0_0.44.0-3_amd64.deb ...
Unpacking libpixman-1-0:amd64 (0.44.0-3) ...
Selecting previously unselected package libxcb-render0:amd64.
Preparing to unpack .../42-libxcb-render0_1.17.0-2+b1_amd64.deb ...
Unpacking libxcb-render0:amd64 (1.17.0-2+b1) ...
Selecting previously unselected package libxcb-shm0:amd64.
Preparing to unpack .../43-libxcb-shm0_1.17.0-2+b1_amd64.deb ...
Unpacking libxcb-shm0:amd64 (1.17.0-2+b1) ...
Selecting previously unselected package libxrender1:amd64.
Preparing to unpack .../44-libxrender1_1%3a0.9.12-1_amd64.deb ...
Unpacking libxrender1:amd64 (1:0.9.12-1) ...
Selecting previously unselected package libcairo2:amd64.
Preparing to unpack .../45-libcairo2_1.18.4-1+b1_amd64.deb ...
Unpacking libcairo2:amd64 (1.18.4-1+b1) ...
Selecting previously unselected package libdatrie1:amd64.
Preparing to unpack .../46-libdatrie1_0.2.13-3+b1_amd64.deb ...
Unpacking libdatrie1:amd64 (0.2.13-3+b1) ...
Selecting previously unselected package libdjvulibre-text.
Preparing to unpack .../47-libdjvulibre-text_3.5.28-2.2_all.deb ...
Unpacking libdjvulibre-text (3.5.28-2.2) ...
Selecting previously unselected package libdjvulibre21:amd64.
Preparing to unpack .../48-libdjvulibre21_3.5.28-2.2_amd64.deb ...
Unpacking libdjvulibre21:amd64 (3.5.28-2.2) ...
Selecting previously unselected package libfribidi0:amd64.
Preparing to unpack .../49-libfribidi0_1.0.16-1_amd64.deb ...
Unpacking libfribidi0:amd64 (1.0.16-1) ...
Selecting previously unselected package libgraphite2-3:amd64.
Preparing to unpack .../50-libgraphite2-3_1.3.14-2+b1_amd64.deb ...
Unpacking libgraphite2-3:amd64 (1.3.14-2+b1) ...
Selecting previously unselected package libharfbuzz0b:amd64.
Preparing to unpack .../51-libharfbuzz0b_10.2.0-1+deb13u1_amd64.deb ...
Unpacking libharfbuzz0b:amd64 (10.2.0-1+deb13u1) ...
Selecting previously unselected package libimath-3-1-29t64:amd64.
Preparing to unpack .../52-libimath-3-1-29t64_3.1.12-1+b3_amd64.deb ...
Unpacking libimath-3-1-29t64:amd64 (3.1.12-1+b3) ...
Selecting previously unselected package libjxr0t64:amd64.
Preparing to unpack .../53-libjxr0t64_1.2~git20170615.f752187-5.3_amd64.deb ...
Unpacking libjxr0t64:amd64 (1.2~git20170615.f752187-5.3) ...
Selecting previously unselected package libjxr-tools.
Preparing to unpack .../54-libjxr-tools_1.2~git20170615.f752187-5.3_amd64.deb ...
Unpacking libjxr-tools (1.2~git20170615.f752187-5.3) ...
Selecting previously unselected package libopenexr-3-1-30:amd64.
Preparing to unpack .../55-libopenexr-3-1-30_3.1.13-2_amd64.deb ...
Unpacking libopenexr-3-1-30:amd64 (3.1.13-2) ...
Selecting previously unselected package libthai-data.
Preparing to unpack .../56-libthai-data_0.1.29-2_all.deb ...
Unpacking libthai-data (0.1.29-2) ...
Selecting previously unselected package libthai0:amd64.
Preparing to unpack .../57-libthai0_0.1.29-2+b1_amd64.deb ...
Unpacking libthai0:amd64 (0.1.29-2+b1) ...
Selecting previously unselected package libpango-1.0-0:amd64.
Preparing to unpack .../58-libpango-1.0-0_1.56.3-1_amd64.deb ...
Unpacking libpango-1.0-0:amd64 (1.56.3-1) ...
Selecting previously unselected package libpangoft2-1.0-0:amd64.
Preparing to unpack .../59-libpangoft2-1.0-0_1.56.3-1_amd64.deb ...
Unpacking libpangoft2-1.0-0:amd64 (1.56.3-1) ...
Selecting previously unselected package libpangocairo-1.0-0:amd64.
Preparing to unpack .../60-libpangocairo-1.0-0_1.56.3-1_amd64.deb ...
Unpacking libpangocairo-1.0-0:amd64 (1.56.3-1) ...
Selecting previously unselected package libwmflite-0.2-7:amd64.
Preparing to unpack .../61-libwmflite-0.2-7_0.2.13-1.1+b3_amd64.deb ...
Unpacking libwmflite-0.2-7:amd64 (0.2.13-1.1+b3) ...
Selecting previously unselected package libmagickcore-7.q16-10-extra:amd64.
Preparing to unpack .../62-libmagickcore-7.q16-10-extra_8%3a7.1.1.43+dfsg1-1+deb13u9_amd64.deb ...
Unpacking libmagickcore-7.q16-10-extra:amd64 (8:7.1.1.43+dfsg1-1+deb13u9) ...
Selecting previously unselected package libnetpbm11t64:amd64.
Preparing to unpack .../63-libnetpbm11t64_2%3a11.10.02-1_amd64.deb ...
Unpacking libnetpbm11t64:amd64 (2:11.10.02-1) ...
Selecting previously unselected package libpaper-utils.
Preparing to unpack .../64-libpaper-utils_2.2.5-0.3+b2_amd64.deb ...
Unpacking libpaper-utils (2.2.5-0.3+b2) ...
Selecting previously unselected package netpbm.
Preparing to unpack .../65-netpbm_2%3a11.10.02-1_amd64.deb ...
Unpacking netpbm (2:11.10.02-1) ...
Setting up libgraphite2-3:amd64 (1.3.14-2+b1) ...
Setting up liblcms2-2:amd64 (2.16-2+deb13u2) ...
Setting up libpixman-1-0:amd64 (0.44.0-3) ...
Setting up fontconfig (2.15.0-2.3) ...
Regenerating fonts cache... done.
Setting up fonts-noto-mono (20201225-2) ...
Setting up hicolor-icon-theme (0.18-2) ...
Setting up libwmflite-0.2-7:amd64 (0.2.13-1.1+b3) ...
Setting up libxrender1:amd64 (1:0.9.12-1) ...
Setting up libdatrie1:amd64 (0.2.13-3+b1) ...
Setting up libxcb-render0:amd64 (1.17.0-2+b1) ...
Setting up imagemagick-7-common (8:7.1.1.43+dfsg1-1+deb13u9) ...
Setting up libijs-0.35:amd64 (0.35-15.2) ...
Setting up libwebpdemux2:amd64 (1.5.0-0.1) ...
Setting up libgs-common (10.05.1~dfsg-1+deb13u1) ...
Setting up x11-common (1:7.7+24+deb13u1) ...
Setting up libxext6:amd64 (2:1.3.4-1+b3) ...
Setting up libxcb-shm0:amd64 (1.17.0-2+b1) ...
Setting up libcairo2:amd64 (1.18.4-1+b1) ...
Setting up libnetpbm11t64:amd64 (2:11.10.02-1) ...
Setting up poppler-data (0.4.12-1) ...
Setting up libfontenc1:amd64 (1:1.1.8-1+b2) ...
Setting up libjxr0t64:amd64 (1.2~git20170615.f752187-5.3) ...
Setting up libjbig2dec0:amd64 (0.20-1+b3) ...
Setting up libavahi-common-data:amd64 (0.8-16) ...
Setting up xfonts-encodings (1:1.0.4-2.2) ...
Setting up libfribidi0:amd64 (1.0.16-1) ...
Setting up libimath-3-1-29t64:amd64 (3.1.12-1+b3) ...
Setting up libidn12:amd64 (1.43-1) ...
Setting up netpbm (2:11.10.02-1) ...
Setting up libltdl7:amd64 (2.5.4-4) ...
Setting up libfftw3-double3:amd64 (3.3.10-2+b1) ...
Setting up libraw23t64:amd64 (0.21.4-2) ...
Setting up liblqr-1-0:amd64 (0.4.2-2.1+b2) ...
Setting up libopenjp2-7:amd64 (2.5.3-2.1~deb13u2) ...
Setting up libharfbuzz0b:amd64 (10.2.0-1+deb13u1) ...
Setting up libthai-data (0.1.29-2) ...
Setting up fonts-droid-fallback (1:8.1.0r7-1~1.gbp36536b) ...
Setting up libpaper2:amd64 (2.2.5-0.3+b2) ...
Setting up libdjvulibre-text (3.5.28-2.2) ...
Setting up libwebpmux3:amd64 (1.5.0-0.1) ...
Setting up libice6:amd64 (2:1.1.1-1) ...
Setting up libjxr-tools (1.2~git20170615.f752187-5.3) ...
Setting up libdjvulibre21:amd64 (3.5.28-2.2) ...
Setting up libavahi-common3:amd64 (0.8-16) ...
Setting up libpaper-utils (2.2.5-0.3+b2) ...
Setting up xfonts-utils (1:7.7+7) ...
Setting up libthai0:amd64 (0.1.29-2+b1) ...
Setting up libopenexr-3-1-30:amd64 (3.1.13-2) ...
Setting up libmagickcore-7.q16-10:amd64 (8:7.1.1.43+dfsg1-1+deb13u9) ...
Setting up libsm6:amd64 (2:1.2.6-1) ...
Setting up libavahi-client3:amd64 (0.8-16) ...
Setting up libmagickwand-7.q16-10:amd64 (8:7.1.1.43+dfsg1-1+deb13u9) ...
Setting up libpango-1.0-0:amd64 (1.56.3-1) ...
Setting up fonts-urw-base35 (20200910-8) ...
Setting up libxt6t64:amd64 (1:1.2.1-1.2+b2) ...
Setting up libpangoft2-1.0-0:amd64 (1.56.3-1) ...
Setting up libcups2t64:amd64 (2.4.10-3+deb13u2) ...
Setting up libpangocairo-1.0-0:amd64 (1.56.3-1) ...
Setting up libgs10-common (10.05.1~dfsg-1+deb13u1) ...
Setting up libmagickcore-7.q16-10-extra:amd64 (8:7.1.1.43+dfsg1-1+deb13u9) ...
Setting up imagemagick-7.q16 (8:7.1.1.43+dfsg1-1+deb13u9) ...
update-alternatives: using /usr/bin/compare-im7.q16 to provide /usr/bin/compare (compare) in auto mode
update-alternatives: using /usr/bin/compare-im7.q16 to provide /usr/bin/compare-im7 (compare-im7) in auto mode
update-alternatives: using /usr/bin/animate-im7.q16 to provide /usr/bin/animate (animate) in auto mode
update-alternatives: using /usr/bin/animate-im7.q16 to provide /usr/bin/animate-im7 (animate-im7) in auto mode
update-alternatives: using /usr/bin/convert-im7.q16 to provide /usr/bin/convert (convert) in auto mode
update-alternatives: using /usr/bin/convert-im7.q16 to provide /usr/bin/convert-im7 (convert-im7) in auto mode
update-alternatives: using /usr/bin/composite-im7.q16 to provide /usr/bin/composite (composite) in auto mode
update-alternatives: using /usr/bin/composite-im7.q16 to provide /usr/bin/composite-im7 (composite-im7) in auto mode
update-alternatives: using /usr/bin/conjure-im7.q16 to provide /usr/bin/conjure (conjure) in auto mode
update-alternatives: using /usr/bin/conjure-im7.q16 to provide /usr/bin/conjure-im7 (conjure-im7) in auto mode
update-alternatives: using /usr/bin/import-im7.q16 to provide /usr/bin/import (import) in auto mode
update-alternatives: using /usr/bin/import-im7.q16 to provide /usr/bin/import-im7 (import-im7) in auto mode
update-alternatives: using /usr/bin/identify-im7.q16 to provide /usr/bin/identify (identify) in auto mode
update-alternatives: using /usr/bin/identify-im7.q16 to provide /usr/bin/identify-im7 (identify-im7) in auto mode
update-alternatives: using /usr/bin/stream-im7.q16 to provide /usr/bin/stream (stream) in auto mode
update-alternatives: using /usr/bin/stream-im7.q16 to provide /usr/bin/stream-im7 (stream-im7) in auto mode
update-alternatives: using /usr/bin/display-im7.q16 to provide /usr/bin/display (display) in auto mode
update-alternatives: using /usr/bin/display-im7.q16 to provide /usr/bin/display-im7 (display-im7) in auto mode
update-alternatives: using /usr/bin/montage-im7.q16 to provide /usr/bin/montage (montage) in auto mode
update-alternatives: using /usr/bin/montage-im7.q16 to provide /usr/bin/montage-im7 (montage-im7) in auto mode
update-alternatives: using /usr/bin/mogrify-im7.q16 to provide /usr/bin/mogrify (mogrify) in auto mode
update-alternatives: using /usr/bin/mogrify-im7.q16 to provide /usr/bin/mogrify-im7 (mogrify-im7) in auto mode
update-alternatives: using /usr/bin/magick-im7.q16 to provide /usr/bin/magick (magick) in auto mode
update-alternatives: warning: skip creation of /usr/share/man/man1/magick.1.gz because associated file /usr/share/man/man1/magick-im7.q16.1.gz (of link group magick) doesn't exist
update-alternatives: using /usr/bin/magick-im7.q16 to provide /usr/bin/magick-im7 (magick-im7) in auto mode
update-alternatives: warning: skip creation of /usr/share/man/man1/magick-im7.1.gz because associated file /usr/share/man/man1/magick-im7.q16.1.gz (of link group magick-im7) doesn't exist
update-alternatives: using /usr/bin/magick-script-im7.q16 to provide /usr/bin/magick-script (magick-script) in auto mode
update-alternatives: warning: skip creation of /usr/share/man/man1/magick-script.1.gz because associated file /usr/share/man/man1/magick-script-im7.q16.1.gz (of link group magick-script) doesn't exist
update-alternatives: using /usr/bin/magick-script-im7.q16 to provide /usr/bin/magick-script-im7 (magick-script-im7) in auto mode
update-alternatives: warning: skip creation of /usr/share/man/man1/magick-script-im7.1.gz because associated file /usr/share/man/man1/magick-script-im7.q16.1.gz (of link group magick-script-im7) doesn't exist
Setting up php8.4-imagick (3.8.0-2) ...
Setting up imagemagick (8:7.1.1.43+dfsg1-1+deb13u9) ...
Setting up php-imagick (3.8.0-2) ...
Setting up libgs10:amd64 (10.05.1~dfsg-1+deb13u1) ...
Setting up ghostscript (10.05.1~dfsg-1+deb13u1) ...
Processing triggers for libc-bin (2.41-12) ...
Processing triggers for man-db (2.13.1-1) ...
Processing triggers for php8.4-cli (8.4.21-1~deb13u1) ...
Processing triggers for php8.4-fpm (8.4.21-1~deb13u1) ...
+ MAGICK_POLICY=/etc/ImageMagick-7/policy.xml
+ '[' -f /etc/ImageMagick-7/policy.xml ']'
+ sudo sed -i 's|<policy domain="resource" name="memory" value="[^"]*"/>|<policy domain="resource" name="memory" value="2GiB"/>|' /etc/ImageMagick-7/policy.xml
+ sudo sed -i 's|<policy domain="resource" name="map" value="[^"]*"/>|<policy domain="resource" name="map" value="4GiB"/>|' /etc/ImageMagick-7/policy.xml
+ sudo sed -i 's|<policy domain="resource" name="area" value="[^"]*"/>|<policy domain="resource" name="area" value="200MP"/>|' /etc/ImageMagick-7/policy.xml
+ sudo sed -i 's|<policy domain="resource" name="disk" value="[^"]*"/>|<policy domain="resource" name="disk" value="5GiB"/>|' /etc/ImageMagick-7/policy.xml
+ sudo sed -i 's|<!-- <policy domain="resource" name="thread" value="[^"]*"/> -->|<policy domain="resource" name="thread" value="2"/>|' /etc/ImageMagick-7/policy.xml
+ sudo apt-get install -y ghostscript
Reading package lists...
Building dependency tree...
Reading state information...
ghostscript is already the newest version (10.05.1~dfsg-1+deb13u1).
ghostscript set to manually installed.
0 upgraded, 0 newly installed, 0 to remove and 76 not upgraded.
+ sudo apt-get install -y ffmpeg
Reading package lists...
Building dependency tree...
Reading state information...
The following additional packages will be installed:
  adwaita-icon-theme alsa-topology-conf alsa-ucm-conf at-spi2-common
  at-spi2-core dbus-user-session dconf-gsettings-backend dconf-service
  gsettings-desktop-schemas gtk-update-icon-cache i965-va-driver
  intel-media-va-driver libaacs0 libasound2-data libasound2t64 libass9
  libasyncns0 libatk-bridge2.0-0t64 libatk1.0-0t64 libatspi2.0-0t64
  libavc1394-0 libavcodec61 libavdevice61 libavfilter10 libavformat61
  libavutil59 libbdplus0 libblas3 libbluray2 libbs2b0 libcaca0
  libcairo-gobject2 libcdio-cdda2t64 libcdio-paranoia2t64 libcdio19t64
  libchromaprint1 libcjson1 libcloudproviders0 libcodec2-1.2 libcolord2
  libdc1394-25 libdconf1 libdecor-0-0 libdecor-0-plugin-1-gtk libdrm-amdgpu1
  libdrm-common libdrm-intel1 libdrm2 libdvdnav4 libdvdread8t64 libepoxy0
  libflac14 libflite1 libgbm1 libgdk-pixbuf-2.0-0 libgdk-pixbuf2.0-bin
  libgdk-pixbuf2.0-common libgfortran5 libgl1 libgl1-mesa-dri libglvnd0
  libglx-mesa0 libglx0 libgme0 libgsm1 libgtk-3-0t64 libgtk-3-bin
  libgtk-3-common libhwy1t64 libiec61883-0 libigdgmm12 libjack-jackd2-0
  libjxl0.11 liblapack3 liblilv-0-0 libllvm19 libmbedcrypto16 libmp3lame0
  libmpg123-0t64 libmysofa1 libnorm1t64 libogg0 libopenal-data libopenal1
  libopenmpt0t64 libopus0 libpciaccess0 libpgm-5.3-0t64 libplacebo349
  libpocketsphinx3 libpostproc58 libpulse0 librabbitmq4 libraw1394-11 librist4
  librsvg2-2 librsvg2-common librubberband2 libsamplerate0 libsdl2-2.0-0
  libsensors-config libsensors5 libserd-0-0 libshine3 libsnappy1v5 libsndfile1
  libsord-0-0 libsoxr0 libspeex1 libsphinxbase3t64 libsratom-0-0
  libsrt1.5-gnutls libssh-4 libswresample5 libswscale8 libtheoradec1
  libtheoraenc1 libtwolame0 libudfread0 libunibreak6 libusb-1.0-0 libva-drm2
  libva-x11-2 libva2 libvdpau-va-gl1 libvdpau1 libvidstab1.1 libvorbis0a
  libvorbisenc2 libvorbisfile3 libvpl2 libvpx9 libvulkan1 libwayland-client0
  libwayland-cursor0 libwayland-egl1 libwayland-server0 libx11-xcb1
  libx264-164 libxcb-dri3-0 libxcb-glx0 libxcb-present0 libxcb-randr0
  libxcb-shape0 libxcb-sync1 libxcb-xfixes0 libxcomposite1 libxcursor1
  libxdamage1 libxfixes3 libxi6 libxinerama1 libxkbcommon0 libxrandr2
  libxshmfence1 libxss1 libxtst6 libxv1 libxvidcore4 libxxf86vm1 libz3-4
  libzimg2 libzix-0-0 libzmq5 libzvbi-common libzvbi0t64 mesa-libgallium
  mesa-va-drivers mesa-vdpau-drivers mesa-vulkan-drivers ocl-icd-libopencl1
  pocketsphinx-en-us shared-mime-info va-driver-all vdpau-driver-all xkb-data
Suggested packages:
  adwaita-icon-theme-legacy ffmpeg-doc i965-va-driver-shaders alsa-utils
  libasound2-plugins libcuda1 libnvcuvid1 libnvidia-encode1 libbluray-bdj
  colord libdvdcss2 gvfs jackd2 libportaudio2 libsndio7.0 opus-tools
  pulseaudio libraw1394-doc librsvg2-bin xdg-utils lm-sensors serdi sordi
  speex opencl-icd nvidia-vdpau-driver nvidia-tesla-440-vdpau-driver
  nvidia-tesla-418-vdpau-driver nvidia-legacy-390xx-vdpau-driver
  nvidia-legacy-340xx-vdpau-driver
The following NEW packages will be installed:
  adwaita-icon-theme alsa-topology-conf alsa-ucm-conf at-spi2-common
  at-spi2-core dbus-user-session dconf-gsettings-backend dconf-service ffmpeg
  gsettings-desktop-schemas gtk-update-icon-cache i965-va-driver
  intel-media-va-driver libaacs0 libasound2-data libasound2t64 libass9
  libasyncns0 libatk-bridge2.0-0t64 libatk1.0-0t64 libatspi2.0-0t64
  libavc1394-0 libavcodec61 libavdevice61 libavfilter10 libavformat61
  libavutil59 libbdplus0 libblas3 libbluray2 libbs2b0 libcaca0
  libcairo-gobject2 libcdio-cdda2t64 libcdio-paranoia2t64 libcdio19t64
  libchromaprint1 libcjson1 libcloudproviders0 libcodec2-1.2 libcolord2
  libdc1394-25 libdconf1 libdecor-0-0 libdecor-0-plugin-1-gtk libdrm-amdgpu1
  libdrm-common libdrm-intel1 libdrm2 libdvdnav4 libdvdread8t64 libepoxy0
  libflac14 libflite1 libgbm1 libgdk-pixbuf-2.0-0 libgdk-pixbuf2.0-bin
  libgdk-pixbuf2.0-common libgfortran5 libgl1 libgl1-mesa-dri libglvnd0
  libglx-mesa0 libglx0 libgme0 libgsm1 libgtk-3-0t64 libgtk-3-bin
  libgtk-3-common libhwy1t64 libiec61883-0 libigdgmm12 libjack-jackd2-0
  libjxl0.11 liblapack3 liblilv-0-0 libllvm19 libmbedcrypto16 libmp3lame0
  libmpg123-0t64 libmysofa1 libnorm1t64 libogg0 libopenal-data libopenal1
  libopenmpt0t64 libopus0 libpciaccess0 libpgm-5.3-0t64 libplacebo349
  libpocketsphinx3 libpostproc58 libpulse0 librabbitmq4 libraw1394-11 librist4
  librsvg2-2 librsvg2-common librubberband2 libsamplerate0 libsdl2-2.0-0
  libsensors-config libsensors5 libserd-0-0 libshine3 libsnappy1v5 libsndfile1
  libsord-0-0 libsoxr0 libspeex1 libsphinxbase3t64 libsratom-0-0
  libsrt1.5-gnutls libssh-4 libswresample5 libswscale8 libtheoradec1
  libtheoraenc1 libtwolame0 libudfread0 libunibreak6 libusb-1.0-0 libva-drm2
  libva-x11-2 libva2 libvdpau-va-gl1 libvdpau1 libvidstab1.1 libvorbis0a
  libvorbisenc2 libvorbisfile3 libvpl2 libvpx9 libvulkan1 libwayland-client0
  libwayland-cursor0 libwayland-egl1 libwayland-server0 libx11-xcb1
  libx264-164 libxcb-dri3-0 libxcb-glx0 libxcb-present0 libxcb-randr0
  libxcb-shape0 libxcb-sync1 libxcb-xfixes0 libxcomposite1 libxcursor1
  libxdamage1 libxfixes3 libxi6 libxinerama1 libxkbcommon0 libxrandr2
  libxshmfence1 libxss1 libxtst6 libxv1 libxvidcore4 libxxf86vm1 libz3-4
  libzimg2 libzix-0-0 libzmq5 libzvbi-common libzvbi0t64 mesa-libgallium
  mesa-va-drivers mesa-vdpau-drivers mesa-vulkan-drivers ocl-icd-libopencl1
  pocketsphinx-en-us shared-mime-info va-driver-all vdpau-driver-all xkb-data
0 upgraded, 177 newly installed, 0 to remove and 76 not upgraded.
Need to get 162 MB of archives.
After this operation, 595 MB of additional disk space will be used.
Get:1 file:/etc/apt/mirrors/debian.list Mirrorlist [38 B]
Get:36 file:/etc/apt/mirrors/debian-security.list Mirrorlist [47 B]
Get:2 https://cdn-aws.deb.debian.org/debian trixie/main amd64 libgdk-pixbuf2.0-common all 2.42.12+dfsg-4+deb13u1 [312 kB]
Get:3 https://cdn-aws.deb.debian.org/debian trixie/main amd64 shared-mime-info amd64 2.4-5+b2 [760 kB]
Get:4 https://cdn-aws.deb.debian.org/debian trixie/main amd64 libgdk-pixbuf-2.0-0 amd64 2.42.12+dfsg-4+deb13u1 [141 kB]
Get:5 https://cdn-aws.deb.debian.org/debian trixie/main amd64 gtk-update-icon-cache amd64 4.18.6+ds-2 [52.7 kB]
Get:6 https://cdn-aws.deb.debian.org/debian trixie/main amd64 adwaita-icon-theme all 48.1-1 [504 kB]
Get:7 https://cdn-aws.deb.debian.org/debian trixie/main amd64 alsa-topology-conf all 1.2.5.1-3 [15.3 kB]
Get:8 https://cdn-aws.deb.debian.org/debian trixie/main amd64 libasound2-data all 1.2.14-1 [21.1 kB]
Get:9 https://cdn-aws.deb.debian.org/debian trixie/main amd64 libasound2t64 amd64 1.2.14-1 [381 kB]
Get:10 https://cdn-aws.deb.debian.org/debian trixie/main amd64 alsa-ucm-conf all 1.2.14-1 [92.5 kB]
Get:11 https://cdn-aws.deb.debian.org/debian trixie/main amd64 at-spi2-common all 2.56.2-1+deb13u1 [171 kB]
Get:12 https://cdn-aws.deb.debian.org/debian trixie/main amd64 libxi6 amd64 2:1.8.2-1 [78.9 kB]
Get:13 https://cdn-aws.deb.debian.org/debian trixie/main amd64 libatspi2.0-0t64 amd64 2.56.2-1+deb13u1 [80.7 kB]
Get:14 https://cdn-aws.deb.debian.org/debian trixie/main amd64 libxtst6 amd64 2:1.2.5-1 [25.8 kB]
Get:15 https://cdn-aws.deb.debian.org/debian trixie/main amd64 dbus-user-session amd64 1.16.2-2 [52.1 kB]
Get:16 https://cdn-aws.deb.debian.org/debian trixie/main amd64 libdconf1 amd64 0.40.0-5 [41.8 kB]
Get:17 https://cdn-aws.deb.debian.org/debian trixie/main amd64 dconf-service amd64 0.40.0-5 [32.4 kB]
Get:18 https://cdn-aws.deb.debian.org/debian trixie/main amd64 dconf-gsettings-backend amd64 0.40.0-5 [28.6 kB]
Get:19 https://cdn-aws.deb.debian.org/debian trixie/main amd64 gsettings-desktop-schemas all 48.0-1 [700 kB]
Get:20 https://cdn-aws.deb.debian.org/debian trixie/main amd64 at-spi2-core amd64 2.56.2-1+deb13u1 [61.6 kB]
Get:21 https://cdn-aws.deb.debian.org/debian trixie/main amd64 libdrm-common all 2.4.124-2 [8288 B]
Get:22 https://cdn-aws.deb.debian.org/debian trixie/main amd64 libdrm2 amd64 2.4.124-2 [39.0 kB]
Get:23 https://cdn-aws.deb.debian.org/debian trixie/main amd64 libva2 amd64 2.22.0-3 [79.4 kB]
Get:24 https://cdn-aws.deb.debian.org/debian trixie/main amd64 libva-drm2 amd64 2.22.0-3 [18.3 kB]
Get:25 https://cdn-aws.deb.debian.org/debian trixie/main amd64 libx11-xcb1 amd64 2:1.8.12-1 [247 kB]
Get:26 https://cdn-aws.deb.debian.org/debian trixie/main amd64 libxcb-dri3-0 amd64 1.17.0-2+b1 [107 kB]
Get:27 https://cdn-aws.deb.debian.org/debian trixie/main amd64 libxfixes3 amd64 1:6.0.0-2+b4 [20.2 kB]
Get:28 https://cdn-aws.deb.debian.org/debian trixie/main amd64 libva-x11-2 amd64 2.22.0-3 [23.1 kB]
Get:29 https://cdn-aws.deb.debian.org/debian trixie/main amd64 libvdpau1 amd64 1.5-3+b1 [27.2 kB]
Get:30 https://cdn-aws.deb.debian.org/debian trixie/main amd64 libvpl2 amd64 1:2.14.0-1+b1 [129 kB]
Get:31 https://cdn-aws.deb.debian.org/debian trixie/main amd64 ocl-icd-libopencl1 amd64 2.3.3-1 [42.9 kB]
Get:32 https://cdn-aws.deb.debian.org/debian trixie/main amd64 libcodec2-1.2 amd64 1.2.0-3 [8170 kB]
Get:33 https://cdn-aws.deb.debian.org/debian trixie/main amd64 libgsm1 amd64 1.0.22-1+b2 [29.3 kB]
Get:34 https://cdn-aws.deb.debian.org/debian trixie/main amd64 libhwy1t64 amd64 1.2.0-2+b2 [676 kB]
Get:35 https://cdn-aws.deb.debian.org/debian trixie/main amd64 libjxl0.11 amd64 0.11.2-0.1~deb13u1 [1133 kB]
Get:37 https://cdn-aws.deb.debian.org/debian trixie/main amd64 libmp3lame0 amd64 3.100-6+b3 [363 kB]
Get:38 https://cdn-aws.deb.debian.org/debian trixie/main amd64 libopus0 amd64 1.5.2-2 [2852 kB]
Get:39 https://cdn-aws.deb.debian.org/debian trixie/main amd64 libcairo-gobject2 amd64 1.18.4-1+b1 [130 kB]
Get:40 https://cdn-aws.deb.debian.org/debian trixie/main amd64 librsvg2-2 amd64 2.60.0+dfsg-1 [1789 kB]
Get:41 https://cdn-aws.deb.debian.org/debian trixie/main amd64 libshine3 amd64 3.1.1-2+b2 [23.1 kB]
Get:42 https://cdn-aws.deb.debian.org/debian trixie/main amd64 libsnappy1v5 amd64 1.2.2-1 [29.3 kB]
Get:43 https://cdn-aws.deb.debian.org/debian trixie/main amd64 libspeex1 amd64 1.2.1-3 [56.8 kB]
Get:44 https://cdn-aws.deb.debian.org/debian trixie/main amd64 libsoxr0 amd64 0.1.3-4+b2 [81.0 kB]
Get:45 https://cdn-aws.deb.debian.org/debian-security trixie-security/main amd64 libavutil59 amd64 7:7.1.4-0+deb13u1 [422 kB]
Get:46 https://cdn-aws.deb.debian.org/debian-security trixie-security/main amd64 libswresample5 amd64 7:7.1.4-0+deb13u1 [106 kB]
Get:47 https://cdn-aws.deb.debian.org/debian trixie/main amd64 libtheoradec1 amd64 1.2.0~alpha1+dfsg-6 [58.4 kB]
Get:48 https://cdn-aws.deb.debian.org/debian trixie/main amd64 libogg0 amd64 1.3.5-3+b2 [23.8 kB]
Get:49 https://cdn-aws.deb.debian.org/debian trixie/main amd64 libtheoraenc1 amd64 1.2.0~alpha1+dfsg-6 [108 kB]
Get:50 https://cdn-aws.deb.debian.org/debian trixie/main amd64 libtwolame0 amd64 0.4.0-2+b2 [51.3 kB]
Get:51 https://cdn-aws.deb.debian.org/debian trixie/main amd64 libvorbis0a amd64 1.3.7-3 [90.0 kB]
Get:52 https://cdn-aws.deb.debian.org/debian trixie/main amd64 libvorbisenc2 amd64 1.3.7-3 [75.4 kB]
Get:53 https://cdn-aws.deb.debian.org/debian trixie/main amd64 libvpx9 amd64 1.15.0-2.1+deb13u1 [1115 kB]
Get:54 https://cdn-aws.deb.debian.org/debian trixie/main amd64 libx264-164 amd64 2:0.164.3108+git31e19f9-2+b1 [558 kB]
Get:55 https://cdn-aws.deb.debian.org/debian trixie/main amd64 libxvidcore4 amd64 2:1.3.7-1+b2 [252 kB]
Get:56 https://cdn-aws.deb.debian.org/debian trixie/main amd64 libzvbi-common all 0.2.44-1 [71.4 kB]
Get:57 https://cdn-aws.deb.debian.org/debian trixie/main amd64 libzvbi0t64 amd64 0.2.44-1 [278 kB]
Get:58 https://cdn-aws.deb.debian.org/debian-security trixie-security/main amd64 libavcodec61 amd64 7:7.1.4-0+deb13u1 [5817 kB]
Get:59 https://cdn-aws.deb.debian.org/debian trixie/main amd64 libraw1394-11 amd64 2.1.2-2+b2 [38.8 kB]
Get:60 https://cdn-aws.deb.debian.org/debian trixie/main amd64 libavc1394-0 amd64 0.5.4-5+b2 [18.2 kB]
Get:61 https://cdn-aws.deb.debian.org/debian trixie/main amd64 libunibreak6 amd64 6.1-3 [21.9 kB]
Get:62 https://cdn-aws.deb.debian.org/debian trixie/main amd64 libass9 amd64 1:0.17.3-1+b1 [114 kB]
Get:63 https://cdn-aws.deb.debian.org/debian trixie/main amd64 libudfread0 amd64 1.1.2-1+b2 [17.7 kB]
Get:64 https://cdn-aws.deb.debian.org/debian trixie/main amd64 libbluray2 amd64 1:1.3.4-1+b2 [138 kB]
Get:65 https://cdn-aws.deb.debian.org/debian trixie/main amd64 libchromaprint1 amd64 1.5.1-7 [42.9 kB]
Get:66 https://cdn-aws.deb.debian.org/debian trixie/main amd64 libdvdread8t64 amd64 6.1.3-2 [86.2 kB]
Get:67 https://cdn-aws.deb.debian.org/debian trixie/main amd64 libdvdnav4 amd64 6.1.1-3+b1 [44.5 kB]
Get:68 https://cdn-aws.deb.debian.org/debian trixie/main amd64 libgme0 amd64 0.6.3-7+b2 [131 kB]
Get:69 https://cdn-aws.deb.debian.org/debian trixie/main amd64 libmpg123-0t64 amd64 1.32.10-1+deb13u1 [149 kB]
Get:70 https://cdn-aws.deb.debian.org/debian trixie/main amd64 libvorbisfile3 amd64 1.3.7-3 [20.9 kB]
Get:71 https://cdn-aws.deb.debian.org/debian trixie/main amd64 libopenmpt0t64 amd64 0.7.13-1+b1 [855 kB]
Get:72 https://cdn-aws.deb.debian.org/debian trixie/main amd64 librabbitmq4 amd64 0.15.0-1 [41.8 kB]
Get:73 https://cdn-aws.deb.debian.org/debian trixie/main amd64 libcjson1 amd64 1.7.18-3.1+deb13u1 [29.8 kB]
Get:74 https://cdn-aws.deb.debian.org/debian trixie/main amd64 libmbedcrypto16 amd64 3.6.5-0.1~deb13u1 [361 kB]
Get:75 https://cdn-aws.deb.debian.org/debian trixie/main amd64 librist4 amd64 0.2.11+dfsg-1 [72.1 kB]
Get:76 https://cdn-aws.deb.debian.org/debian trixie/main amd64 libsrt1.5-gnutls amd64 1.5.4-1 [345 kB]
Get:77 https://cdn-aws.deb.debian.org/debian trixie/main amd64 libssh-4 amd64 0.11.2-1+deb13u1 [209 kB]
Get:78 https://cdn-aws.deb.debian.org/debian trixie/main amd64 libnorm1t64 amd64 1.5.9+dfsg-3.1+b2 [221 kB]
Get:79 https://cdn-aws.deb.debian.org/debian trixie/main amd64 libpgm-5.3-0t64 amd64 5.3.128~dfsg-2.1+b1 [162 kB]
Get:80 https://cdn-aws.deb.debian.org/debian trixie/main amd64 libzmq5 amd64 4.3.5-1+b3 [283 kB]
Get:81 https://cdn-aws.deb.debian.org/debian-security trixie-security/main amd64 libavformat61 amd64 7:7.1.4-0+deb13u1 [1199 kB]
Get:82 https://cdn-aws.deb.debian.org/debian trixie/main amd64 libbs2b0 amd64 3.1.0+dfsg-8+b1 [12.5 kB]
Get:83 https://cdn-aws.deb.debian.org/debian trixie/main amd64 libflite1 amd64 2.2-7 [12.8 MB]
Get:84 https://cdn-aws.deb.debian.org/debian trixie/main amd64 libserd-0-0 amd64 0.32.4-1 [47.0 kB]
Get:85 https://cdn-aws.deb.debian.org/debian trixie/main amd64 libzix-0-0 amd64 0.6.2-1 [23.1 kB]
Get:86 https://cdn-aws.deb.debian.org/debian trixie/main amd64 libsord-0-0 amd64 0.16.18-1 [18.0 kB]
Get:87 https://cdn-aws.deb.debian.org/debian trixie/main amd64 libsratom-0-0 amd64 0.6.18-1 [17.7 kB]
Get:88 https://cdn-aws.deb.debian.org/debian trixie/main amd64 liblilv-0-0 amd64 0.24.26-1 [43.5 kB]
Get:89 https://cdn-aws.deb.debian.org/debian trixie/main amd64 libmysofa1 amd64 1.3.3+dfsg-1 [1158 kB]
Get:90 https://cdn-aws.deb.debian.org/debian trixie/main amd64 libvulkan1 amd64 1.4.309.0-1 [130 kB]
Get:91 https://cdn-aws.deb.debian.org/debian trixie/main amd64 libplacebo349 amd64 7.349.0-3 [2542 kB]
Get:92 https://cdn-aws.deb.debian.org/debian trixie/main amd64 libblas3 amd64 3.12.1-6 [160 kB]
Get:93 https://cdn-aws.deb.debian.org/debian trixie/main amd64 libgfortran5 amd64 14.2.0-19 [836 kB]
Get:94 https://cdn-aws.deb.debian.org/debian trixie/main amd64 liblapack3 amd64 3.12.1-6 [2447 kB]
Get:95 https://cdn-aws.deb.debian.org/debian trixie/main amd64 libasyncns0 amd64 0.8-6+b5 [12.0 kB]
Get:96 https://cdn-aws.deb.debian.org/debian trixie/main amd64 libflac14 amd64 1.5.0+ds-2 [210 kB]
Get:97 https://cdn-aws.deb.debian.org/debian trixie/main amd64 libsndfile1 amd64 1.2.2-2+deb13u1 [199 kB]
Get:98 https://cdn-aws.deb.debian.org/debian trixie/main amd64 libpulse0 amd64 17.0+dfsg1-2+b1 [276 kB]
Get:99 https://cdn-aws.deb.debian.org/debian trixie/main amd64 libsphinxbase3t64 amd64 0.8+5prealpha+1-21+b1 [121 kB]
Get:100 https://cdn-aws.deb.debian.org/debian trixie/main amd64 libpocketsphinx3 amd64 0.8+5prealpha+1-15+b4 [126 kB]
Get:101 https://cdn-aws.deb.debian.org/debian-security trixie-security/main amd64 libpostproc58 amd64 7:7.1.4-0+deb13u1 [92.9 kB]
Get:102 https://cdn-aws.deb.debian.org/debian trixie/main amd64 libsamplerate0 amd64 0.2.2-4+b2 [950 kB]
Get:103 https://cdn-aws.deb.debian.org/debian trixie/main amd64 librubberband2 amd64 3.3.0+dfsg-2+b3 [142 kB]
Get:104 https://cdn-aws.deb.debian.org/debian-security trixie-security/main amd64 libswscale8 amd64 7:7.1.4-0+deb13u1 [238 kB]
Get:105 https://cdn-aws.deb.debian.org/debian trixie/main amd64 libvidstab1.1 amd64 1.1.0-2+b2 [38.9 kB]
Get:106 https://cdn-aws.deb.debian.org/debian trixie/main amd64 libzimg2 amd64 3.0.5+ds1-1+b2 [244 kB]
Get:107 https://cdn-aws.deb.debian.org/debian-security trixie-security/main amd64 libavfilter10 amd64 7:7.1.4-0+deb13u1 [4113 kB]
Get:108 https://cdn-aws.deb.debian.org/debian trixie/main amd64 libcaca0 amd64 0.99.beta20-5 [202 kB]
Get:109 https://cdn-aws.deb.debian.org/debian trixie/main amd64 libcdio19t64 amd64 2.2.0-4.1~deb13u1 [61.6 kB]
Get:110 https://cdn-aws.deb.debian.org/debian trixie/main amd64 libcdio-cdda2t64 amd64 10.2+2.0.2-1+b1 [17.7 kB]
Get:111 https://cdn-aws.deb.debian.org/debian trixie/main amd64 libcdio-paranoia2t64 amd64 10.2+2.0.2-1+b1 [17.4 kB]
Get:112 https://cdn-aws.deb.debian.org/debian trixie/main amd64 libusb-1.0-0 amd64 2:1.0.28-1 [59.6 kB]
Get:113 https://cdn-aws.deb.debian.org/debian trixie/main amd64 libdc1394-25 amd64 2.2.6-5 [111 kB]
Get:114 https://cdn-aws.deb.debian.org/debian trixie/main amd64 libglvnd0 amd64 1.7.0-1+b2 [52.0 kB]
Get:115 https://cdn-aws.deb.debian.org/debian trixie/main amd64 libxcb-glx0 amd64 1.17.0-2+b1 [122 kB]
Get:116 https://cdn-aws.deb.debian.org/debian trixie/main amd64 libxcb-present0 amd64 1.17.0-2+b1 [106 kB]
Get:117 https://cdn-aws.deb.debian.org/debian trixie/main amd64 libxcb-xfixes0 amd64 1.17.0-2+b1 [109 kB]
Get:118 https://cdn-aws.deb.debian.org/debian trixie/main amd64 libxxf86vm1 amd64 1:1.1.4-1+b4 [19.3 kB]
Get:119 https://cdn-aws.deb.debian.org/debian trixie/main amd64 libdrm-amdgpu1 amd64 2.4.124-2 [22.6 kB]
Get:120 https://cdn-aws.deb.debian.org/debian trixie/main amd64 libpciaccess0 amd64 0.17-3+b3 [51.9 kB]
Get:121 https://cdn-aws.deb.debian.org/debian trixie/main amd64 libdrm-intel1 amd64 2.4.124-2 [64.1 kB]
Get:122 https://cdn-aws.deb.debian.org/debian trixie/main amd64 libz3-4 amd64 4.13.3-1 [8560 kB]
Get:123 https://cdn-aws.deb.debian.org/debian trixie/main amd64 libllvm19 amd64 1:19.1.7-3+b1 [26.0 MB]
Get:124 https://cdn-aws.deb.debian.org/debian trixie/main amd64 libsensors-config all 1:3.6.2-2 [16.2 kB]
Get:125 https://cdn-aws.deb.debian.org/debian trixie/main amd64 libsensors5 amd64 1:3.6.2-2 [37.5 kB]
Get:126 https://cdn-aws.deb.debian.org/debian trixie/main amd64 libxcb-randr0 amd64 1.17.0-2+b1 [117 kB]
Get:127 https://cdn-aws.deb.debian.org/debian trixie/main amd64 libxcb-sync1 amd64 1.17.0-2+b1 [109 kB]
Get:128 https://cdn-aws.deb.debian.org/debian trixie/main amd64 libxshmfence1 amd64 1.3.3-1 [10.9 kB]
Get:129 https://cdn-aws.deb.debian.org/debian trixie/main amd64 mesa-libgallium amd64 25.0.7-2 [9629 kB]
Get:130 https://cdn-aws.deb.debian.org/debian trixie/main amd64 libwayland-server0 amd64 1.23.1-3 [34.4 kB]
Get:131 https://cdn-aws.deb.debian.org/debian trixie/main amd64 libgbm1 amd64 25.0.7-2 [44.4 kB]
Get:132 https://cdn-aws.deb.debian.org/debian trixie/main amd64 libgl1-mesa-dri amd64 25.0.7-2 [46.1 kB]
Get:133 https://cdn-aws.deb.debian.org/debian trixie/main amd64 libglx-mesa0 amd64 25.0.7-2 [143 kB]
Get:134 https://cdn-aws.deb.debian.org/debian trixie/main amd64 libglx0 amd64 1.7.0-1+b2 [34.9 kB]
Get:135 https://cdn-aws.deb.debian.org/debian trixie/main amd64 libgl1 amd64 1.7.0-1+b2 [89.5 kB]
Get:136 https://cdn-aws.deb.debian.org/debian trixie/main amd64 libiec61883-0 amd64 1.2.0-7 [30.6 kB]
Get:137 https://cdn-aws.deb.debian.org/debian trixie/main amd64 libjack-jackd2-0 amd64 1.9.22~dfsg-4 [287 kB]
Get:138 https://cdn-aws.deb.debian.org/debian trixie/main amd64 libopenal-data all 1:1.24.2-1 [168 kB]
Get:139 https://cdn-aws.deb.debian.org/debian trixie/main amd64 libopenal1 amd64 1:1.24.2-1 [637 kB]
Get:140 https://cdn-aws.deb.debian.org/debian trixie/main amd64 libwayland-client0 amd64 1.23.1-3 [26.8 kB]
Get:141 https://cdn-aws.deb.debian.org/debian trixie/main amd64 libdecor-0-0 amd64 0.2.2-2 [15.5 kB]
Get:142 https://cdn-aws.deb.debian.org/debian trixie/main amd64 libwayland-cursor0 amd64 1.23.1-3 [11.9 kB]
Get:143 https://cdn-aws.deb.debian.org/debian trixie/main amd64 libwayland-egl1 amd64 1.23.1-3 [5860 B]
Get:144 https://cdn-aws.deb.debian.org/debian trixie/main amd64 libxcursor1 amd64 1:1.2.3-1 [39.7 kB]
Get:145 https://cdn-aws.deb.debian.org/debian trixie/main amd64 xkb-data all 2.42-1 [790 kB]
Get:146 https://cdn-aws.deb.debian.org/debian trixie/main amd64 libxkbcommon0 amd64 1.7.0-2 [113 kB]
Get:147 https://cdn-aws.deb.debian.org/debian trixie/main amd64 libxrandr2 amd64 2:1.5.4-1+b3 [36.3 kB]
Get:148 https://cdn-aws.deb.debian.org/debian trixie/main amd64 libxss1 amd64 1:1.2.3-1+b3 [17.0 kB]
Get:149 https://cdn-aws.deb.debian.org/debian trixie/main amd64 libsdl2-2.0-0 amd64 2.32.4+dfsg-1 [669 kB]
Get:150 https://cdn-aws.deb.debian.org/debian trixie/main amd64 libxcb-shape0 amd64 1.17.0-2+b1 [106 kB]
Get:151 https://cdn-aws.deb.debian.org/debian trixie/main amd64 libxv1 amd64 2:1.0.11-1.1+b3 [23.4 kB]
Get:152 https://cdn-aws.deb.debian.org/debian-security trixie-security/main amd64 libavdevice61 amd64 7:7.1.4-0+deb13u1 [123 kB]
Get:153 https://cdn-aws.deb.debian.org/debian-security trixie-security/main amd64 ffmpeg amd64 7:7.1.4-0+deb13u1 [2000 kB]
Get:154 https://cdn-aws.deb.debian.org/debian trixie/main amd64 i965-va-driver amd64 2.4.1+dfsg1-2 [315 kB]
Get:155 https://cdn-aws.deb.debian.org/debian trixie/main amd64 libigdgmm12 amd64 22.7.2+ds1-1 [176 kB]
Get:156 https://cdn-aws.deb.debian.org/debian trixie/main amd64 intel-media-va-driver amd64 25.2.3+dfsg1-1 [3438 kB]
Get:157 https://cdn-aws.deb.debian.org/debian trixie/main amd64 libaacs0 amd64 0.11.1-4+b1 [58.5 kB]
Get:158 https://cdn-aws.deb.debian.org/debian trixie/main amd64 libatk1.0-0t64 amd64 2.56.2-1+deb13u1 [52.0 kB]
Get:159 https://cdn-aws.deb.debian.org/debian trixie/main amd64 libatk-bridge2.0-0t64 amd64 2.56.2-1+deb13u1 [68.4 kB]
Get:160 https://cdn-aws.deb.debian.org/debian trixie/main amd64 libbdplus0 amd64 0.2.0-4+b1 [54.9 kB]
Get:161 https://cdn-aws.deb.debian.org/debian trixie/main amd64 libcloudproviders0 amd64 0.3.6-2 [29.2 kB]
Get:162 https://cdn-aws.deb.debian.org/debian trixie/main amd64 libcolord2 amd64 1.4.7-3 [139 kB]
Get:163 https://cdn-aws.deb.debian.org/debian trixie/main amd64 libepoxy0 amd64 1.5.10-2 [193 kB]
Get:164 https://cdn-aws.deb.debian.org/debian trixie/main amd64 libxcomposite1 amd64 1:0.4.6-1 [16.3 kB]
Get:165 https://cdn-aws.deb.debian.org/debian trixie/main amd64 libxdamage1 amd64 1:1.1.6-1+b2 [15.5 kB]
Get:166 https://cdn-aws.deb.debian.org/debian trixie/main amd64 libxinerama1 amd64 2:1.1.4-3+b4 [16.0 kB]
Get:167 https://cdn-aws.deb.debian.org/debian trixie/main amd64 libgtk-3-common all 3.24.49-3 [4908 kB]
Get:168 https://cdn-aws.deb.debian.org/debian trixie/main amd64 libgtk-3-0t64 amd64 3.24.49-3 [2769 kB]
Get:169 https://cdn-aws.deb.debian.org/debian trixie/main amd64 libdecor-0-plugin-1-gtk amd64 0.2.2-2 [22.7 kB]
Get:170 https://cdn-aws.deb.debian.org/debian trixie/main amd64 libgdk-pixbuf2.0-bin amd64 2.42.12+dfsg-4+deb13u1 [18.9 kB]
Get:171 https://cdn-aws.deb.debian.org/debian trixie/main amd64 libgtk-3-bin amd64 3.24.49-3 [86.5 kB]
Get:172 https://cdn-aws.deb.debian.org/debian trixie/main amd64 librsvg2-common amd64 2.60.0+dfsg-1 [154 kB]
Get:173 https://cdn-aws.deb.debian.org/debian trixie/main amd64 libvdpau-va-gl1 amd64 0.4.2-2 [74.3 kB]
Get:174 https://cdn-aws.deb.debian.org/debian trixie/main amd64 mesa-va-drivers amd64 25.0.7-2 [19.9 kB]
Get:175 https://cdn-aws.deb.debian.org/debian trixie/main amd64 mesa-vdpau-drivers amd64 25.0.7-2 [20.1 kB]
Get:176 https://cdn-aws.deb.debian.org/debian trixie/main amd64 mesa-vulkan-drivers amd64 25.0.7-2 [14.2 MB]
Get:177 https://cdn-aws.deb.debian.org/debian trixie/main amd64 pocketsphinx-en-us all 0.8+5prealpha+1-15 [24.3 MB]
Get:178 https://cdn-aws.deb.debian.org/debian trixie/main amd64 va-driver-all amd64 2.22.0-3 [14.9 kB]
Get:179 https://cdn-aws.deb.debian.org/debian trixie/main amd64 vdpau-driver-all amd64 1.5-3+b1 [4704 B]
dpkg-preconfigure: unable to re-open stdin: No such file or directory
Fetched 162 MB in 2s (86.7 MB/s)
Selecting previously unselected package libgdk-pixbuf2.0-common.
(Reading database ... 38504 files and directories currently installed.)
Preparing to unpack .../000-libgdk-pixbuf2.0-common_2.42.12+dfsg-4+deb13u1_all.deb ...
Unpacking libgdk-pixbuf2.0-common (2.42.12+dfsg-4+deb13u1) ...
Selecting previously unselected package shared-mime-info.
Preparing to unpack .../001-shared-mime-info_2.4-5+b2_amd64.deb ...
Unpacking shared-mime-info (2.4-5+b2) ...
Selecting previously unselected package libgdk-pixbuf-2.0-0:amd64.
Preparing to unpack .../002-libgdk-pixbuf-2.0-0_2.42.12+dfsg-4+deb13u1_amd64.deb ...
Unpacking libgdk-pixbuf-2.0-0:amd64 (2.42.12+dfsg-4+deb13u1) ...
Selecting previously unselected package gtk-update-icon-cache.
Preparing to unpack .../003-gtk-update-icon-cache_4.18.6+ds-2_amd64.deb ...
No diversion 'diversion of /usr/sbin/update-icon-caches to /usr/sbin/update-icon-caches.gtk2 by libgtk-3-bin', none removed.
No diversion 'diversion of /usr/share/man/man8/update-icon-caches.8.gz to /usr/share/man/man8/update-icon-caches.gtk2.8.gz by libgtk-3-bin', none removed.
Unpacking gtk-update-icon-cache (4.18.6+ds-2) ...
Selecting previously unselected package adwaita-icon-theme.
Preparing to unpack .../004-adwaita-icon-theme_48.1-1_all.deb ...
Unpacking adwaita-icon-theme (48.1-1) ...
Selecting previously unselected package alsa-topology-conf.
Preparing to unpack .../005-alsa-topology-conf_1.2.5.1-3_all.deb ...
Unpacking alsa-topology-conf (1.2.5.1-3) ...
Selecting previously unselected package libasound2-data.
Preparing to unpack .../006-libasound2-data_1.2.14-1_all.deb ...
Unpacking libasound2-data (1.2.14-1) ...
Selecting previously unselected package libasound2t64:amd64.
Preparing to unpack .../007-libasound2t64_1.2.14-1_amd64.deb ...
Unpacking libasound2t64:amd64 (1.2.14-1) ...
Selecting previously unselected package alsa-ucm-conf.
Preparing to unpack .../008-alsa-ucm-conf_1.2.14-1_all.deb ...
Unpacking alsa-ucm-conf (1.2.14-1) ...
Selecting previously unselected package at-spi2-common.
Preparing to unpack .../009-at-spi2-common_2.56.2-1+deb13u1_all.deb ...
Unpacking at-spi2-common (2.56.2-1+deb13u1) ...
Selecting previously unselected package libxi6:amd64.
Preparing to unpack .../010-libxi6_2%3a1.8.2-1_amd64.deb ...
Unpacking libxi6:amd64 (2:1.8.2-1) ...
Selecting previously unselected package libatspi2.0-0t64:amd64.
Preparing to unpack .../011-libatspi2.0-0t64_2.56.2-1+deb13u1_amd64.deb ...
Unpacking libatspi2.0-0t64:amd64 (2.56.2-1+deb13u1) ...
Selecting previously unselected package libxtst6:amd64.
Preparing to unpack .../012-libxtst6_2%3a1.2.5-1_amd64.deb ...
Unpacking libxtst6:amd64 (2:1.2.5-1) ...
Selecting previously unselected package dbus-user-session.
Preparing to unpack .../013-dbus-user-session_1.16.2-2_amd64.deb ...
Unpacking dbus-user-session (1.16.2-2) ...
Selecting previously unselected package libdconf1:amd64.
Preparing to unpack .../014-libdconf1_0.40.0-5_amd64.deb ...
Unpacking libdconf1:amd64 (0.40.0-5) ...
Selecting previously unselected package dconf-service.
Preparing to unpack .../015-dconf-service_0.40.0-5_amd64.deb ...
Unpacking dconf-service (0.40.0-5) ...
Selecting previously unselected package dconf-gsettings-backend:amd64.
Preparing to unpack .../016-dconf-gsettings-backend_0.40.0-5_amd64.deb ...
Unpacking dconf-gsettings-backend:amd64 (0.40.0-5) ...
Selecting previously unselected package gsettings-desktop-schemas.
Preparing to unpack .../017-gsettings-desktop-schemas_48.0-1_all.deb ...
Unpacking gsettings-desktop-schemas (48.0-1) ...
Selecting previously unselected package at-spi2-core.
Preparing to unpack .../018-at-spi2-core_2.56.2-1+deb13u1_amd64.deb ...
Unpacking at-spi2-core (2.56.2-1+deb13u1) ...
Selecting previously unselected package libdrm-common.
Preparing to unpack .../019-libdrm-common_2.4.124-2_all.deb ...
Unpacking libdrm-common (2.4.124-2) ...
Selecting previously unselected package libdrm2:amd64.
Preparing to unpack .../020-libdrm2_2.4.124-2_amd64.deb ...
Unpacking libdrm2:amd64 (2.4.124-2) ...
Selecting previously unselected package libva2:amd64.
Preparing to unpack .../021-libva2_2.22.0-3_amd64.deb ...
Unpacking libva2:amd64 (2.22.0-3) ...
Selecting previously unselected package libva-drm2:amd64.
Preparing to unpack .../022-libva-drm2_2.22.0-3_amd64.deb ...
Unpacking libva-drm2:amd64 (2.22.0-3) ...
Selecting previously unselected package libx11-xcb1:amd64.
Preparing to unpack .../023-libx11-xcb1_2%3a1.8.12-1_amd64.deb ...
Unpacking libx11-xcb1:amd64 (2:1.8.12-1) ...
Selecting previously unselected package libxcb-dri3-0:amd64.
Preparing to unpack .../024-libxcb-dri3-0_1.17.0-2+b1_amd64.deb ...
Unpacking libxcb-dri3-0:amd64 (1.17.0-2+b1) ...
Selecting previously unselected package libxfixes3:amd64.
Preparing to unpack .../025-libxfixes3_1%3a6.0.0-2+b4_amd64.deb ...
Unpacking libxfixes3:amd64 (1:6.0.0-2+b4) ...
Selecting previously unselected package libva-x11-2:amd64.
Preparing to unpack .../026-libva-x11-2_2.22.0-3_amd64.deb ...
Unpacking libva-x11-2:amd64 (2.22.0-3) ...
Selecting previously unselected package libvdpau1:amd64.
Preparing to unpack .../027-libvdpau1_1.5-3+b1_amd64.deb ...
Unpacking libvdpau1:amd64 (1.5-3+b1) ...
Selecting previously unselected package libvpl2.
Preparing to unpack .../028-libvpl2_1%3a2.14.0-1+b1_amd64.deb ...
Unpacking libvpl2 (1:2.14.0-1+b1) ...
Selecting previously unselected package ocl-icd-libopencl1:amd64.
Preparing to unpack .../029-ocl-icd-libopencl1_2.3.3-1_amd64.deb ...
Unpacking ocl-icd-libopencl1:amd64 (2.3.3-1) ...
Selecting previously unselected package libavutil59:amd64.
Preparing to unpack .../030-libavutil59_7%3a7.1.4-0+deb13u1_amd64.deb ...
Unpacking libavutil59:amd64 (7:7.1.4-0+deb13u1) ...
Selecting previously unselected package libcodec2-1.2:amd64.
Preparing to unpack .../031-libcodec2-1.2_1.2.0-3_amd64.deb ...
Unpacking libcodec2-1.2:amd64 (1.2.0-3) ...
Selecting previously unselected package libgsm1:amd64.
Preparing to unpack .../032-libgsm1_1.0.22-1+b2_amd64.deb ...
Unpacking libgsm1:amd64 (1.0.22-1+b2) ...
Selecting previously unselected package libhwy1t64:amd64.
Preparing to unpack .../033-libhwy1t64_1.2.0-2+b2_amd64.deb ...
Unpacking libhwy1t64:amd64 (1.2.0-2+b2) ...
Selecting previously unselected package libjxl0.11:amd64.
Preparing to unpack .../034-libjxl0.11_0.11.2-0.1~deb13u1_amd64.deb ...
Unpacking libjxl0.11:amd64 (0.11.2-0.1~deb13u1) ...
Selecting previously unselected package libmp3lame0:amd64.
Preparing to unpack .../035-libmp3lame0_3.100-6+b3_amd64.deb ...
Unpacking libmp3lame0:amd64 (3.100-6+b3) ...
Selecting previously unselected package libopus0:amd64.
Preparing to unpack .../036-libopus0_1.5.2-2_amd64.deb ...
Unpacking libopus0:amd64 (1.5.2-2) ...
Selecting previously unselected package libcairo-gobject2:amd64.
Preparing to unpack .../037-libcairo-gobject2_1.18.4-1+b1_amd64.deb ...
Unpacking libcairo-gobject2:amd64 (1.18.4-1+b1) ...
Selecting previously unselected package librsvg2-2:amd64.
Preparing to unpack .../038-librsvg2-2_2.60.0+dfsg-1_amd64.deb ...
Unpacking librsvg2-2:amd64 (2.60.0+dfsg-1) ...
Selecting previously unselected package libshine3:amd64.
Preparing to unpack .../039-libshine3_3.1.1-2+b2_amd64.deb ...
Unpacking libshine3:amd64 (3.1.1-2+b2) ...
Selecting previously unselected package libsnappy1v5:amd64.
Preparing to unpack .../040-libsnappy1v5_1.2.2-1_amd64.deb ...
Unpacking libsnappy1v5:amd64 (1.2.2-1) ...
Selecting previously unselected package libspeex1:amd64.
Preparing to unpack .../041-libspeex1_1.2.1-3_amd64.deb ...
Unpacking libspeex1:amd64 (1.2.1-3) ...
Selecting previously unselected package libsoxr0:amd64.
Preparing to unpack .../042-libsoxr0_0.1.3-4+b2_amd64.deb ...
Unpacking libsoxr0:amd64 (0.1.3-4+b2) ...
Selecting previously unselected package libswresample5:amd64.
Preparing to unpack .../043-libswresample5_7%3a7.1.4-0+deb13u1_amd64.deb ...
Unpacking libswresample5:amd64 (7:7.1.4-0+deb13u1) ...
Selecting previously unselected package libtheoradec1:amd64.
Preparing to unpack .../044-libtheoradec1_1.2.0~alpha1+dfsg-6_amd64.deb ...
Unpacking libtheoradec1:amd64 (1.2.0~alpha1+dfsg-6) ...
Selecting previously unselected package libogg0:amd64.
Preparing to unpack .../045-libogg0_1.3.5-3+b2_amd64.deb ...
Unpacking libogg0:amd64 (1.3.5-3+b2) ...
Selecting previously unselected package libtheoraenc1:amd64.
Preparing to unpack .../046-libtheoraenc1_1.2.0~alpha1+dfsg-6_amd64.deb ...
Unpacking libtheoraenc1:amd64 (1.2.0~alpha1+dfsg-6) ...
Selecting previously unselected package libtwolame0:amd64.
Preparing to unpack .../047-libtwolame0_0.4.0-2+b2_amd64.deb ...
Unpacking libtwolame0:amd64 (0.4.0-2+b2) ...
Selecting previously unselected package libvorbis0a:amd64.
Preparing to unpack .../048-libvorbis0a_1.3.7-3_amd64.deb ...
Unpacking libvorbis0a:amd64 (1.3.7-3) ...
Selecting previously unselected package libvorbisenc2:amd64.
Preparing to unpack .../049-libvorbisenc2_1.3.7-3_amd64.deb ...
Unpacking libvorbisenc2:amd64 (1.3.7-3) ...
Selecting previously unselected package libvpx9:amd64.
Preparing to unpack .../050-libvpx9_1.15.0-2.1+deb13u1_amd64.deb ...
Unpacking libvpx9:amd64 (1.15.0-2.1+deb13u1) ...
Selecting previously unselected package libx264-164:amd64.
Preparing to unpack .../051-libx264-164_2%3a0.164.3108+git31e19f9-2+b1_amd64.deb ...
Unpacking libx264-164:amd64 (2:0.164.3108+git31e19f9-2+b1) ...
Selecting previously unselected package libxvidcore4:amd64.
Preparing to unpack .../052-libxvidcore4_2%3a1.3.7-1+b2_amd64.deb ...
Unpacking libxvidcore4:amd64 (2:1.3.7-1+b2) ...
Selecting previously unselected package libzvbi-common.
Preparing to unpack .../053-libzvbi-common_0.2.44-1_all.deb ...
Unpacking libzvbi-common (0.2.44-1) ...
Selecting previously unselected package libzvbi0t64:amd64.
Preparing to unpack .../054-libzvbi0t64_0.2.44-1_amd64.deb ...
Unpacking libzvbi0t64:amd64 (0.2.44-1) ...
Selecting previously unselected package libavcodec61:amd64.
Preparing to unpack .../055-libavcodec61_7%3a7.1.4-0+deb13u1_amd64.deb ...
Unpacking libavcodec61:amd64 (7:7.1.4-0+deb13u1) ...
Selecting previously unselected package libraw1394-11:amd64.
Preparing to unpack .../056-libraw1394-11_2.1.2-2+b2_amd64.deb ...
Unpacking libraw1394-11:amd64 (2.1.2-2+b2) ...
Selecting previously unselected package libavc1394-0:amd64.
Preparing to unpack .../057-libavc1394-0_0.5.4-5+b2_amd64.deb ...
Unpacking libavc1394-0:amd64 (0.5.4-5+b2) ...
Selecting previously unselected package libunibreak6:amd64.
Preparing to unpack .../058-libunibreak6_6.1-3_amd64.deb ...
Unpacking libunibreak6:amd64 (6.1-3) ...
Selecting previously unselected package libass9:amd64.
Preparing to unpack .../059-libass9_1%3a0.17.3-1+b1_amd64.deb ...
Unpacking libass9:amd64 (1:0.17.3-1+b1) ...
Selecting previously unselected package libudfread0:amd64.
Preparing to unpack .../060-libudfread0_1.1.2-1+b2_amd64.deb ...
Unpacking libudfread0:amd64 (1.1.2-1+b2) ...
Selecting previously unselected package libbluray2:amd64.
Preparing to unpack .../061-libbluray2_1%3a1.3.4-1+b2_amd64.deb ...
Unpacking libbluray2:amd64 (1:1.3.4-1+b2) ...
Selecting previously unselected package libchromaprint1:amd64.
Preparing to unpack .../062-libchromaprint1_1.5.1-7_amd64.deb ...
Unpacking libchromaprint1:amd64 (1.5.1-7) ...
Selecting previously unselected package libdvdread8t64:amd64.
Preparing to unpack .../063-libdvdread8t64_6.1.3-2_amd64.deb ...
Unpacking libdvdread8t64:amd64 (6.1.3-2) ...
Selecting previously unselected package libdvdnav4:amd64.
Preparing to unpack .../064-libdvdnav4_6.1.1-3+b1_amd64.deb ...
Unpacking libdvdnav4:amd64 (6.1.1-3+b1) ...
Selecting previously unselected package libgme0:amd64.
Preparing to unpack .../065-libgme0_0.6.3-7+b2_amd64.deb ...
Unpacking libgme0:amd64 (0.6.3-7+b2) ...
Selecting previously unselected package libmpg123-0t64:amd64.
Preparing to unpack .../066-libmpg123-0t64_1.32.10-1+deb13u1_amd64.deb ...
Unpacking libmpg123-0t64:amd64 (1.32.10-1+deb13u1) ...
Selecting previously unselected package libvorbisfile3:amd64.
Preparing to unpack .../067-libvorbisfile3_1.3.7-3_amd64.deb ...
Unpacking libvorbisfile3:amd64 (1.3.7-3) ...
Selecting previously unselected package libopenmpt0t64:amd64.
Preparing to unpack .../068-libopenmpt0t64_0.7.13-1+b1_amd64.deb ...
Unpacking libopenmpt0t64:amd64 (0.7.13-1+b1) ...
Selecting previously unselected package librabbitmq4:amd64.
Preparing to unpack .../069-librabbitmq4_0.15.0-1_amd64.deb ...
Unpacking librabbitmq4:amd64 (0.15.0-1) ...
Selecting previously unselected package libcjson1:amd64.
Preparing to unpack .../070-libcjson1_1.7.18-3.1+deb13u1_amd64.deb ...
Unpacking libcjson1:amd64 (1.7.18-3.1+deb13u1) ...
Selecting previously unselected package libmbedcrypto16:amd64.
Preparing to unpack .../071-libmbedcrypto16_3.6.5-0.1~deb13u1_amd64.deb ...
Unpacking libmbedcrypto16:amd64 (3.6.5-0.1~deb13u1) ...
Selecting previously unselected package librist4:amd64.
Preparing to unpack .../072-librist4_0.2.11+dfsg-1_amd64.deb ...
Unpacking librist4:amd64 (0.2.11+dfsg-1) ...
Selecting previously unselected package libsrt1.5-gnutls:amd64.
Preparing to unpack .../073-libsrt1.5-gnutls_1.5.4-1_amd64.deb ...
Unpacking libsrt1.5-gnutls:amd64 (1.5.4-1) ...
Selecting previously unselected package libssh-4:amd64.
Preparing to unpack .../074-libssh-4_0.11.2-1+deb13u1_amd64.deb ...
Unpacking libssh-4:amd64 (0.11.2-1+deb13u1) ...
Selecting previously unselected package libnorm1t64:amd64.
Preparing to unpack .../075-libnorm1t64_1.5.9+dfsg-3.1+b2_amd64.deb ...
Unpacking libnorm1t64:amd64 (1.5.9+dfsg-3.1+b2) ...
Selecting previously unselected package libpgm-5.3-0t64:amd64.
Preparing to unpack .../076-libpgm-5.3-0t64_5.3.128~dfsg-2.1+b1_amd64.deb ...
Unpacking libpgm-5.3-0t64:amd64 (5.3.128~dfsg-2.1+b1) ...
Selecting previously unselected package libzmq5:amd64.
Preparing to unpack .../077-libzmq5_4.3.5-1+b3_amd64.deb ...
Unpacking libzmq5:amd64 (4.3.5-1+b3) ...
Selecting previously unselected package libavformat61:amd64.
Preparing to unpack .../078-libavformat61_7%3a7.1.4-0+deb13u1_amd64.deb ...
Unpacking libavformat61:amd64 (7:7.1.4-0+deb13u1) ...
Selecting previously unselected package libbs2b0:amd64.
Preparing to unpack .../079-libbs2b0_3.1.0+dfsg-8+b1_amd64.deb ...
Unpacking libbs2b0:amd64 (3.1.0+dfsg-8+b1) ...
Selecting previously unselected package libflite1:amd64.
Preparing to unpack .../080-libflite1_2.2-7_amd64.deb ...
Unpacking libflite1:amd64 (2.2-7) ...
Selecting previously unselected package libserd-0-0:amd64.
Preparing to unpack .../081-libserd-0-0_0.32.4-1_amd64.deb ...
Unpacking libserd-0-0:amd64 (0.32.4-1) ...
Selecting previously unselected package libzix-0-0:amd64.
Preparing to unpack .../082-libzix-0-0_0.6.2-1_amd64.deb ...
Unpacking libzix-0-0:amd64 (0.6.2-1) ...
Selecting previously unselected package libsord-0-0:amd64.
Preparing to unpack .../083-libsord-0-0_0.16.18-1_amd64.deb ...
Unpacking libsord-0-0:amd64 (0.16.18-1) ...
Selecting previously unselected package libsratom-0-0:amd64.
Preparing to unpack .../084-libsratom-0-0_0.6.18-1_amd64.deb ...
Unpacking libsratom-0-0:amd64 (0.6.18-1) ...
Selecting previously unselected package liblilv-0-0:amd64.
Preparing to unpack .../085-liblilv-0-0_0.24.26-1_amd64.deb ...
Unpacking liblilv-0-0:amd64 (0.24.26-1) ...
Selecting previously unselected package libmysofa1:amd64.
Preparing to unpack .../086-libmysofa1_1.3.3+dfsg-1_amd64.deb ...
Unpacking libmysofa1:amd64 (1.3.3+dfsg-1) ...
Selecting previously unselected package libvulkan1:amd64.
Preparing to unpack .../087-libvulkan1_1.4.309.0-1_amd64.deb ...
Unpacking libvulkan1:amd64 (1.4.309.0-1) ...
Selecting previously unselected package libplacebo349:amd64.
Preparing to unpack .../088-libplacebo349_7.349.0-3_amd64.deb ...
Unpacking libplacebo349:amd64 (7.349.0-3) ...
Selecting previously unselected package libblas3:amd64.
Preparing to unpack .../089-libblas3_3.12.1-6_amd64.deb ...
Unpacking libblas3:amd64 (3.12.1-6) ...
Selecting previously unselected package libgfortran5:amd64.
Preparing to unpack .../090-libgfortran5_14.2.0-19_amd64.deb ...
Unpacking libgfortran5:amd64 (14.2.0-19) ...
Selecting previously unselected package liblapack3:amd64.
Preparing to unpack .../091-liblapack3_3.12.1-6_amd64.deb ...
Unpacking liblapack3:amd64 (3.12.1-6) ...
Selecting previously unselected package libasyncns0:amd64.
Preparing to unpack .../092-libasyncns0_0.8-6+b5_amd64.deb ...
Unpacking libasyncns0:amd64 (0.8-6+b5) ...
Selecting previously unselected package libflac14:amd64.
Preparing to unpack .../093-libflac14_1.5.0+ds-2_amd64.deb ...
Unpacking libflac14:amd64 (1.5.0+ds-2) ...
Selecting previously unselected package libsndfile1:amd64.
Preparing to unpack .../094-libsndfile1_1.2.2-2+deb13u1_amd64.deb ...
Unpacking libsndfile1:amd64 (1.2.2-2+deb13u1) ...
Selecting previously unselected package libpulse0:amd64.
Preparing to unpack .../095-libpulse0_17.0+dfsg1-2+b1_amd64.deb ...
Unpacking libpulse0:amd64 (17.0+dfsg1-2+b1) ...
Selecting previously unselected package libsphinxbase3t64:amd64.
Preparing to unpack .../096-libsphinxbase3t64_0.8+5prealpha+1-21+b1_amd64.deb ...
Unpacking libsphinxbase3t64:amd64 (0.8+5prealpha+1-21+b1) ...
Selecting previously unselected package libpocketsphinx3:amd64.
Preparing to unpack .../097-libpocketsphinx3_0.8+5prealpha+1-15+b4_amd64.deb ...
Unpacking libpocketsphinx3:amd64 (0.8+5prealpha+1-15+b4) ...
Selecting previously unselected package libpostproc58:amd64.
Preparing to unpack .../098-libpostproc58_7%3a7.1.4-0+deb13u1_amd64.deb ...
Unpacking libpostproc58:amd64 (7:7.1.4-0+deb13u1) ...
Selecting previously unselected package libsamplerate0:amd64.
Preparing to unpack .../099-libsamplerate0_0.2.2-4+b2_amd64.deb ...
Unpacking libsamplerate0:amd64 (0.2.2-4+b2) ...
Selecting previously unselected package librubberband2:amd64.
Preparing to unpack .../100-librubberband2_3.3.0+dfsg-2+b3_amd64.deb ...
Unpacking librubberband2:amd64 (3.3.0+dfsg-2+b3) ...
Selecting previously unselected package libswscale8:amd64.
Preparing to unpack .../101-libswscale8_7%3a7.1.4-0+deb13u1_amd64.deb ...
Unpacking libswscale8:amd64 (7:7.1.4-0+deb13u1) ...
Selecting previously unselected package libvidstab1.1:amd64.
Preparing to unpack .../102-libvidstab1.1_1.1.0-2+b2_amd64.deb ...
Unpacking libvidstab1.1:amd64 (1.1.0-2+b2) ...
Selecting previously unselected package libzimg2:amd64.
Preparing to unpack .../103-libzimg2_3.0.5+ds1-1+b2_amd64.deb ...
Unpacking libzimg2:amd64 (3.0.5+ds1-1+b2) ...
Selecting previously unselected package libavfilter10:amd64.
Preparing to unpack .../104-libavfilter10_7%3a7.1.4-0+deb13u1_amd64.deb ...
Unpacking libavfilter10:amd64 (7:7.1.4-0+deb13u1) ...
Selecting previously unselected package libcaca0:amd64.
Preparing to unpack .../105-libcaca0_0.99.beta20-5_amd64.deb ...
Unpacking libcaca0:amd64 (0.99.beta20-5) ...
Selecting previously unselected package libcdio19t64:amd64.
Preparing to unpack .../106-libcdio19t64_2.2.0-4.1~deb13u1_amd64.deb ...
Unpacking libcdio19t64:amd64 (2.2.0-4.1~deb13u1) ...
Selecting previously unselected package libcdio-cdda2t64:amd64.
Preparing to unpack .../107-libcdio-cdda2t64_10.2+2.0.2-1+b1_amd64.deb ...
Unpacking libcdio-cdda2t64:amd64 (10.2+2.0.2-1+b1) ...
Selecting previously unselected package libcdio-paranoia2t64:amd64.
Preparing to unpack .../108-libcdio-paranoia2t64_10.2+2.0.2-1+b1_amd64.deb ...
Unpacking libcdio-paranoia2t64:amd64 (10.2+2.0.2-1+b1) ...
Selecting previously unselected package libusb-1.0-0:amd64.
Preparing to unpack .../109-libusb-1.0-0_2%3a1.0.28-1_amd64.deb ...
Unpacking libusb-1.0-0:amd64 (2:1.0.28-1) ...
Selecting previously unselected package libdc1394-25:amd64.
Preparing to unpack .../110-libdc1394-25_2.2.6-5_amd64.deb ...
Unpacking libdc1394-25:amd64 (2.2.6-5) ...
Selecting previously unselected package libglvnd0:amd64.
Preparing to unpack .../111-libglvnd0_1.7.0-1+b2_amd64.deb ...
Unpacking libglvnd0:amd64 (1.7.0-1+b2) ...
Selecting previously unselected package libxcb-glx0:amd64.
Preparing to unpack .../112-libxcb-glx0_1.17.0-2+b1_amd64.deb ...
Unpacking libxcb-glx0:amd64 (1.17.0-2+b1) ...
Selecting previously unselected package libxcb-present0:amd64.
Preparing to unpack .../113-libxcb-present0_1.17.0-2+b1_amd64.deb ...
Unpacking libxcb-present0:amd64 (1.17.0-2+b1) ...
Selecting previously unselected package libxcb-xfixes0:amd64.
Preparing to unpack .../114-libxcb-xfixes0_1.17.0-2+b1_amd64.deb ...
Unpacking libxcb-xfixes0:amd64 (1.17.0-2+b1) ...
Selecting previously unselected package libxxf86vm1:amd64.
Preparing to unpack .../115-libxxf86vm1_1%3a1.1.4-1+b4_amd64.deb ...
Unpacking libxxf86vm1:amd64 (1:1.1.4-1+b4) ...
Selecting previously unselected package libdrm-amdgpu1:amd64.
Preparing to unpack .../116-libdrm-amdgpu1_2.4.124-2_amd64.deb ...
Unpacking libdrm-amdgpu1:amd64 (2.4.124-2) ...
Selecting previously unselected package libpciaccess0:amd64.
Preparing to unpack .../117-libpciaccess0_0.17-3+b3_amd64.deb ...
Unpacking libpciaccess0:amd64 (0.17-3+b3) ...
Selecting previously unselected package libdrm-intel1:amd64.
Preparing to unpack .../118-libdrm-intel1_2.4.124-2_amd64.deb ...
Unpacking libdrm-intel1:amd64 (2.4.124-2) ...
Selecting previously unselected package libz3-4:amd64.
Preparing to unpack .../119-libz3-4_4.13.3-1_amd64.deb ...
Unpacking libz3-4:amd64 (4.13.3-1) ...
Selecting previously unselected package libllvm19:amd64.
Preparing to unpack .../120-libllvm19_1%3a19.1.7-3+b1_amd64.deb ...
Unpacking libllvm19:amd64 (1:19.1.7-3+b1) ...
Selecting previously unselected package libsensors-config.
Preparing to unpack .../121-libsensors-config_1%3a3.6.2-2_all.deb ...
Unpacking libsensors-config (1:3.6.2-2) ...
Selecting previously unselected package libsensors5:amd64.
Preparing to unpack .../122-libsensors5_1%3a3.6.2-2_amd64.deb ...
Unpacking libsensors5:amd64 (1:3.6.2-2) ...
Selecting previously unselected package libxcb-randr0:amd64.
Preparing to unpack .../123-libxcb-randr0_1.17.0-2+b1_amd64.deb ...
Unpacking libxcb-randr0:amd64 (1.17.0-2+b1) ...
Selecting previously unselected package libxcb-sync1:amd64.
Preparing to unpack .../124-libxcb-sync1_1.17.0-2+b1_amd64.deb ...
Unpacking libxcb-sync1:amd64 (1.17.0-2+b1) ...
Selecting previously unselected package libxshmfence1:amd64.
Preparing to unpack .../125-libxshmfence1_1.3.3-1_amd64.deb ...
Unpacking libxshmfence1:amd64 (1.3.3-1) ...
Selecting previously unselected package mesa-libgallium:amd64.
Preparing to unpack .../126-mesa-libgallium_25.0.7-2_amd64.deb ...
Unpacking mesa-libgallium:amd64 (25.0.7-2) ...
Selecting previously unselected package libwayland-server0:amd64.
Preparing to unpack .../127-libwayland-server0_1.23.1-3_amd64.deb ...
Unpacking libwayland-server0:amd64 (1.23.1-3) ...
Selecting previously unselected package libgbm1:amd64.
Preparing to unpack .../128-libgbm1_25.0.7-2_amd64.deb ...
Unpacking libgbm1:amd64 (25.0.7-2) ...
Selecting previously unselected package libgl1-mesa-dri:amd64.
Preparing to unpack .../129-libgl1-mesa-dri_25.0.7-2_amd64.deb ...
Unpacking libgl1-mesa-dri:amd64 (25.0.7-2) ...
Selecting previously unselected package libglx-mesa0:amd64.
Preparing to unpack .../130-libglx-mesa0_25.0.7-2_amd64.deb ...
Unpacking libglx-mesa0:amd64 (25.0.7-2) ...
Selecting previously unselected package libglx0:amd64.
Preparing to unpack .../131-libglx0_1.7.0-1+b2_amd64.deb ...
Unpacking libglx0:amd64 (1.7.0-1+b2) ...
Selecting previously unselected package libgl1:amd64.
Preparing to unpack .../132-libgl1_1.7.0-1+b2_amd64.deb ...
Unpacking libgl1:amd64 (1.7.0-1+b2) ...
Selecting previously unselected package libiec61883-0:amd64.
Preparing to unpack .../133-libiec61883-0_1.2.0-7_amd64.deb ...
Unpacking libiec61883-0:amd64 (1.2.0-7) ...
Selecting previously unselected package libjack-jackd2-0:amd64.
Preparing to unpack .../134-libjack-jackd2-0_1.9.22~dfsg-4_amd64.deb ...
Unpacking libjack-jackd2-0:amd64 (1.9.22~dfsg-4) ...
Selecting previously unselected package libopenal-data.
Preparing to unpack .../135-libopenal-data_1%3a1.24.2-1_all.deb ...
Unpacking libopenal-data (1:1.24.2-1) ...
Selecting previously unselected package libopenal1:amd64.
Preparing to unpack .../136-libopenal1_1%3a1.24.2-1_amd64.deb ...
Unpacking libopenal1:amd64 (1:1.24.2-1) ...
Selecting previously unselected package libwayland-client0:amd64.
Preparing to unpack .../137-libwayland-client0_1.23.1-3_amd64.deb ...
Unpacking libwayland-client0:amd64 (1.23.1-3) ...
Selecting previously unselected package libdecor-0-0:amd64.
Preparing to unpack .../138-libdecor-0-0_0.2.2-2_amd64.deb ...
Unpacking libdecor-0-0:amd64 (0.2.2-2) ...
Selecting previously unselected package libwayland-cursor0:amd64.
Preparing to unpack .../139-libwayland-cursor0_1.23.1-3_amd64.deb ...
Unpacking libwayland-cursor0:amd64 (1.23.1-3) ...
Selecting previously unselected package libwayland-egl1:amd64.
Preparing to unpack .../140-libwayland-egl1_1.23.1-3_amd64.deb ...
Unpacking libwayland-egl1:amd64 (1.23.1-3) ...
Selecting previously unselected package libxcursor1:amd64.
Preparing to unpack .../141-libxcursor1_1%3a1.2.3-1_amd64.deb ...
Unpacking libxcursor1:amd64 (1:1.2.3-1) ...
Selecting previously unselected package xkb-data.
Preparing to unpack .../142-xkb-data_2.42-1_all.deb ...
Unpacking xkb-data (2.42-1) ...
Selecting previously unselected package libxkbcommon0:amd64.
Preparing to unpack .../143-libxkbcommon0_1.7.0-2_amd64.deb ...
Unpacking libxkbcommon0:amd64 (1.7.0-2) ...
Selecting previously unselected package libxrandr2:amd64.
Preparing to unpack .../144-libxrandr2_2%3a1.5.4-1+b3_amd64.deb ...
Unpacking libxrandr2:amd64 (2:1.5.4-1+b3) ...
Selecting previously unselected package libxss1:amd64.
Preparing to unpack .../145-libxss1_1%3a1.2.3-1+b3_amd64.deb ...
Unpacking libxss1:amd64 (1:1.2.3-1+b3) ...
Selecting previously unselected package libsdl2-2.0-0:amd64.
Preparing to unpack .../146-libsdl2-2.0-0_2.32.4+dfsg-1_amd64.deb ...
Unpacking libsdl2-2.0-0:amd64 (2.32.4+dfsg-1) ...
Selecting previously unselected package libxcb-shape0:amd64.
Preparing to unpack .../147-libxcb-shape0_1.17.0-2+b1_amd64.deb ...
Unpacking libxcb-shape0:amd64 (1.17.0-2+b1) ...
Selecting previously unselected package libxv1:amd64.
Preparing to unpack .../148-libxv1_2%3a1.0.11-1.1+b3_amd64.deb ...
Unpacking libxv1:amd64 (2:1.0.11-1.1+b3) ...
Selecting previously unselected package libavdevice61:amd64.
Preparing to unpack .../149-libavdevice61_7%3a7.1.4-0+deb13u1_amd64.deb ...
Unpacking libavdevice61:amd64 (7:7.1.4-0+deb13u1) ...
Selecting previously unselected package ffmpeg.
Preparing to unpack .../150-ffmpeg_7%3a7.1.4-0+deb13u1_amd64.deb ...
Unpacking ffmpeg (7:7.1.4-0+deb13u1) ...
Selecting previously unselected package i965-va-driver:amd64.
Preparing to unpack .../151-i965-va-driver_2.4.1+dfsg1-2_amd64.deb ...
Unpacking i965-va-driver:amd64 (2.4.1+dfsg1-2) ...
Selecting previously unselected package libigdgmm12:amd64.
Preparing to unpack .../152-libigdgmm12_22.7.2+ds1-1_amd64.deb ...
Unpacking libigdgmm12:amd64 (22.7.2+ds1-1) ...
Selecting previously unselected package intel-media-va-driver:amd64.
Preparing to unpack .../153-intel-media-va-driver_25.2.3+dfsg1-1_amd64.deb ...
Unpacking intel-media-va-driver:amd64 (25.2.3+dfsg1-1) ...
Selecting previously unselected package libaacs0:amd64.
Preparing to unpack .../154-libaacs0_0.11.1-4+b1_amd64.deb ...
Unpacking libaacs0:amd64 (0.11.1-4+b1) ...
Selecting previously unselected package libatk1.0-0t64:amd64.
Preparing to unpack .../155-libatk1.0-0t64_2.56.2-1+deb13u1_amd64.deb ...
Unpacking libatk1.0-0t64:amd64 (2.56.2-1+deb13u1) ...
Selecting previously unselected package libatk-bridge2.0-0t64:amd64.
Preparing to unpack .../156-libatk-bridge2.0-0t64_2.56.2-1+deb13u1_amd64.deb ...
Unpacking libatk-bridge2.0-0t64:amd64 (2.56.2-1+deb13u1) ...
Selecting previously unselected package libbdplus0:amd64.
Preparing to unpack .../157-libbdplus0_0.2.0-4+b1_amd64.deb ...
Unpacking libbdplus0:amd64 (0.2.0-4+b1) ...
Selecting previously unselected package libcloudproviders0:amd64.
Preparing to unpack .../158-libcloudproviders0_0.3.6-2_amd64.deb ...
Unpacking libcloudproviders0:amd64 (0.3.6-2) ...
Selecting previously unselected package libcolord2:amd64.
Preparing to unpack .../159-libcolord2_1.4.7-3_amd64.deb ...
Unpacking libcolord2:amd64 (1.4.7-3) ...
Selecting previously unselected package libepoxy0:amd64.
Preparing to unpack .../160-libepoxy0_1.5.10-2_amd64.deb ...
Unpacking libepoxy0:amd64 (1.5.10-2) ...
Selecting previously unselected package libxcomposite1:amd64.
Preparing to unpack .../161-libxcomposite1_1%3a0.4.6-1_amd64.deb ...
Unpacking libxcomposite1:amd64 (1:0.4.6-1) ...
Selecting previously unselected package libxdamage1:amd64.
Preparing to unpack .../162-libxdamage1_1%3a1.1.6-1+b2_amd64.deb ...
Unpacking libxdamage1:amd64 (1:1.1.6-1+b2) ...
Selecting previously unselected package libxinerama1:amd64.
Preparing to unpack .../163-libxinerama1_2%3a1.1.4-3+b4_amd64.deb ...
Unpacking libxinerama1:amd64 (2:1.1.4-3+b4) ...
Selecting previously unselected package libgtk-3-common.
Preparing to unpack .../164-libgtk-3-common_3.24.49-3_all.deb ...
Unpacking libgtk-3-common (3.24.49-3) ...
Selecting previously unselected package libgtk-3-0t64:amd64.
Preparing to unpack .../165-libgtk-3-0t64_3.24.49-3_amd64.deb ...
Unpacking libgtk-3-0t64:amd64 (3.24.49-3) ...
Selecting previously unselected package libdecor-0-plugin-1-gtk:amd64.
Preparing to unpack .../166-libdecor-0-plugin-1-gtk_0.2.2-2_amd64.deb ...
Unpacking libdecor-0-plugin-1-gtk:amd64 (0.2.2-2) ...
Selecting previously unselected package libgdk-pixbuf2.0-bin.
Preparing to unpack .../167-libgdk-pixbuf2.0-bin_2.42.12+dfsg-4+deb13u1_amd64.deb ...
Unpacking libgdk-pixbuf2.0-bin (2.42.12+dfsg-4+deb13u1) ...
Selecting previously unselected package libgtk-3-bin.
Preparing to unpack .../168-libgtk-3-bin_3.24.49-3_amd64.deb ...
Unpacking libgtk-3-bin (3.24.49-3) ...
Selecting previously unselected package librsvg2-common:amd64.
Preparing to unpack .../169-librsvg2-common_2.60.0+dfsg-1_amd64.deb ...
Unpacking librsvg2-common:amd64 (2.60.0+dfsg-1) ...
Selecting previously unselected package libvdpau-va-gl1:amd64.
Preparing to unpack .../170-libvdpau-va-gl1_0.4.2-2_amd64.deb ...
Unpacking libvdpau-va-gl1:amd64 (0.4.2-2) ...
Selecting previously unselected package mesa-va-drivers:amd64.
Preparing to unpack .../171-mesa-va-drivers_25.0.7-2_amd64.deb ...
Unpacking mesa-va-drivers:amd64 (25.0.7-2) ...
Selecting previously unselected package mesa-vdpau-drivers:amd64.
Preparing to unpack .../172-mesa-vdpau-drivers_25.0.7-2_amd64.deb ...
Unpacking mesa-vdpau-drivers:amd64 (25.0.7-2) ...
Selecting previously unselected package mesa-vulkan-drivers:amd64.
Preparing to unpack .../173-mesa-vulkan-drivers_25.0.7-2_amd64.deb ...
Unpacking mesa-vulkan-drivers:amd64 (25.0.7-2) ...
Selecting previously unselected package pocketsphinx-en-us.
Preparing to unpack .../174-pocketsphinx-en-us_0.8+5prealpha+1-15_all.deb ...
Unpacking pocketsphinx-en-us (0.8+5prealpha+1-15) ...
Selecting previously unselected package va-driver-all:amd64.
Preparing to unpack .../175-va-driver-all_2.22.0-3_amd64.deb ...
Unpacking va-driver-all:amd64 (2.22.0-3) ...
Selecting previously unselected package vdpau-driver-all:amd64.
Preparing to unpack .../176-vdpau-driver-all_1.5-3+b1_amd64.deb ...
Unpacking vdpau-driver-all:amd64 (1.5-3+b1) ...
Setting up libgme0:amd64 (0.6.3-7+b2) ...
Setting up libchromaprint1:amd64 (1.5.1-7) ...
Setting up libhwy1t64:amd64 (1.2.0-2+b2) ...
Setting up libxcb-dri3-0:amd64 (1.17.0-2+b1) ...
Setting up libdvdread8t64:amd64 (6.1.3-2) ...
Setting up libudfread0:amd64 (1.1.2-1+b2) ...
Setting up libnorm1t64:amd64 (1.5.9+dfsg-3.1+b2) ...
Setting up libwayland-server0:amd64 (1.23.1-3) ...
Setting up libx11-xcb1:amd64 (2:1.8.12-1) ...
Setting up libpciaccess0:amd64 (0.17-3+b3) ...
Setting up librabbitmq4:amd64 (0.15.0-1) ...
Setting up libraw1394-11:amd64 (2.1.2-2+b2) ...
Setting up libxdamage1:amd64 (1:1.1.6-1+b2) ...
Setting up libxcb-xfixes0:amd64 (1.17.0-2+b1) ...
Setting up libogg0:amd64 (1.3.5-3+b2) ...
Setting up libspeex1:amd64 (1.2.1-3) ...
Setting up libshine3:amd64 (3.1.1-2+b2) ...
Setting up libcaca0:amd64 (0.99.beta20-5) ...
Setting up libvpl2 (1:2.14.0-1+b1) ...
Setting up libxi6:amd64 (2:1.8.2-1) ...
Setting up libx264-164:amd64 (2:0.164.3108+git31e19f9-2+b1) ...
Setting up libtwolame0:amd64 (0.4.0-2+b2) ...
Setting up libgsm1:amd64 (1.0.22-1+b2) ...
Setting up libsoxr0:amd64 (0.1.3-4+b2) ...
Setting up libzix-0-0:amd64 (0.6.2-1) ...
Setting up libglvnd0:amd64 (1.7.0-1+b2) ...
Setting up libxtst6:amd64 (2:1.2.5-1) ...
Setting up libcodec2-1.2:amd64 (1.2.0-3) ...
Setting up libxcb-glx0:amd64 (1.17.0-2+b1) ...
Setting up libgdk-pixbuf2.0-common (2.42.12+dfsg-4+deb13u1) ...
Setting up libmysofa1:amd64 (1.3.3+dfsg-1) ...
Setting up libxcb-shape0:amd64 (1.17.0-2+b1) ...
Setting up libsensors-config (1:3.6.2-2) ...
Setting up libcdio19t64:amd64 (2.2.0-4.1~deb13u1) ...
Setting up libcloudproviders0:amd64 (0.3.6-2) ...
Setting up xkb-data (2.42-1) ...
Setting up libigdgmm12:amd64 (22.7.2+ds1-1) ...
Setting up libmpg123-0t64:amd64 (1.32.10-1+deb13u1) ...
Setting up libcjson1:amd64 (1.7.18-3.1+deb13u1) ...
Setting up libxvidcore4:amd64 (2:1.3.7-1+b2) ...
Setting up libcolord2:amd64 (1.4.7-3) ...
Setting up libxxf86vm1:amd64 (1:1.1.4-1+b4) ...
Setting up libsnappy1v5:amd64 (1.2.2-1) ...
Setting up libcdio-cdda2t64:amd64 (10.2+2.0.2-1+b1) ...
Setting up libxcb-present0:amd64 (1.17.0-2+b1) ...
Setting up libdconf1:amd64 (0.40.0-5) ...
Setting up libasound2-data (1.2.14-1) ...
Setting up dbus-user-session (1.16.2-2) ...
Setting up libpgm-5.3-0t64:amd64 (5.3.128~dfsg-2.1+b1) ...
Setting up libtheoraenc1:amd64 (1.2.0~alpha1+dfsg-6) ...
Setting up libz3-4:amd64 (4.13.3-1) ...
Setting up libblas3:amd64 (3.12.1-6) ...
update-alternatives: using /usr/lib/x86_64-linux-gnu/blas/libblas.so.3 to provide /usr/lib/x86_64-linux-gnu/libblas.so.3 (libblas.so.3-x86_64-linux-gnu) in auto mode
Setting up libasound2t64:amd64 (1.2.14-1) ...
Setting up libtheoradec1:amd64 (1.2.0~alpha1+dfsg-6) ...
Setting up libva2:amd64 (2.22.0-3) ...
Setting up libepoxy0:amd64 (1.5.10-2) ...
Setting up libxfixes3:amd64 (1:6.0.0-2+b4) ...
Setting up libxcb-sync1:amd64 (1.17.0-2+b1) ...
Setting up libatspi2.0-0t64:amd64 (2.56.2-1+deb13u1) ...
Setting up libopus0:amd64 (1.5.2-2) ...
Setting up shared-mime-info (2.4-5+b2) ...
Setting up libxinerama1:amd64 (2:1.1.4-3+b4) ...
Setting up libcdio-paranoia2t64:amd64 (10.2+2.0.2-1+b1) ...
Setting up intel-media-va-driver:amd64 (25.2.3+dfsg1-1) ...
Setting up libxv1:amd64 (2:1.0.11-1.1+b3) ...
Setting up libvorbis0a:amd64 (1.3.7-3) ...
Setting up libxrandr2:amd64 (2:1.5.4-1+b3) ...
Setting up libflac14:amd64 (1.5.0+ds-2) ...
Setting up libsensors5:amd64 (1:3.6.2-2) ...
Setting up libaacs0:amd64 (0.11.1-4+b1) ...
Setting up pocketsphinx-en-us (0.8+5prealpha+1-15) ...
Setting up libssh-4:amd64 (0.11.2-1+deb13u1) ...
Setting up libgfortran5:amd64 (14.2.0-19) ...
Setting up libvulkan1:amd64 (1.4.309.0-1) ...
Setting up libbdplus0:amd64 (0.2.0-4+b1) ...
Setting up libvidstab1.1:amd64 (1.1.0-2+b2) ...
Setting up libvpx9:amd64 (1.15.0-2.1+deb13u1) ...
Setting up libsrt1.5-gnutls:amd64 (1.5.4-1) ...
Setting up alsa-topology-conf (1.2.5.1-3) ...
Setting up libflite1:amd64 (2.2-7) ...
Setting up ocl-icd-libopencl1:amd64 (2.3.3-1) ...
Setting up libasyncns0:amd64 (0.8-6+b5) ...
Setting up libxshmfence1:amd64 (1.3.3-1) ...
Setting up at-spi2-common (2.56.2-1+deb13u1) ...
Setting up libvdpau1:amd64 (1.5-3+b1) ...
Setting up libbs2b0:amd64 (3.1.0+dfsg-8+b1) ...
Setting up libxcb-randr0:amd64 (1.17.0-2+b1) ...
Setting up libzimg2:amd64 (3.0.5+ds1-1+b2) ...
Setting up libopenal-data (1:1.24.2-1) ...
Setting up libgdk-pixbuf-2.0-0:amd64 (2.42.12+dfsg-4+deb13u1) ...
Setting up libcairo-gobject2:amd64 (1.18.4-1+b1) ...
Setting up libunibreak6:amd64 (6.1-3) ...
Setting up libwayland-egl1:amd64 (1.23.1-3) ...
Setting up libxss1:amd64 (1:1.2.3-1+b3) ...
Setting up libusb-1.0-0:amd64 (2:1.0.28-1) ...
Setting up libmbedcrypto16:amd64 (3.6.5-0.1~deb13u1) ...
Setting up libbluray2:amd64 (1:1.3.4-1+b2) ...
Setting up libsamplerate0:amd64 (0.2.2-4+b2) ...
Setting up libdrm-common (2.4.124-2) ...
Setting up libxcomposite1:amd64 (1:0.4.6-1) ...
Setting up libjxl0.11:amd64 (0.11.2-0.1~deb13u1) ...
Setting up libzvbi-common (0.2.44-1) ...
Setting up libmp3lame0:amd64 (3.100-6+b3) ...
Setting up libvorbisenc2:amd64 (1.3.7-3) ...
Setting up libdvdnav4:amd64 (6.1.1-3+b1) ...
Setting up libiec61883-0:amd64 (1.2.0-7) ...
Setting up libserd-0-0:amd64 (0.32.4-1) ...
Setting up libxkbcommon0:amd64 (1.7.0-2) ...
Setting up libwayland-client0:amd64 (1.23.1-3) ...
Setting up libavc1394-0:amd64 (0.5.4-5+b2) ...
Setting up mesa-vdpau-drivers:amd64 (25.0.7-2) ...
Setting up libllvm19:amd64 (1:19.1.7-3+b1) ...
Setting up gtk-update-icon-cache (4.18.6+ds-2) ...
Setting up liblapack3:amd64 (3.12.1-6) ...
update-alternatives: using /usr/lib/x86_64-linux-gnu/lapack/liblapack.so.3 to provide /usr/lib/x86_64-linux-gnu/liblapack.so.3 (liblapack.so.3-x86_64-linux-gnu) in auto mode
Setting up libatk1.0-0t64:amd64 (2.56.2-1+deb13u1) ...
Setting up libzmq5:amd64 (4.3.5-1+b3) ...
Setting up libzvbi0t64:amd64 (0.2.44-1) ...
Setting up alsa-ucm-conf (1.2.14-1) ...
Setting up libxcursor1:amd64 (1:1.2.3-1) ...
Setting up dconf-service (0.40.0-5) ...
Setting up libopenal1:amd64 (1:1.24.2-1) ...
Setting up librist4:amd64 (0.2.11+dfsg-1) ...
Setting up librsvg2-2:amd64 (2.60.0+dfsg-1) ...
Setting up libvorbisfile3:amd64 (1.3.7-3) ...
Setting up libass9:amd64 (1:0.17.3-1+b1) ...
Setting up adwaita-icon-theme (48.1-1) ...
update-alternatives: using /usr/share/icons/Adwaita/cursor.theme to provide /usr/share/icons/default/index.theme (x-cursor-theme) in auto mode
Setting up libplacebo349:amd64 (7.349.0-3) ...
Setting up libdc1394-25:amd64 (2.2.6-5) ...
Setting up librsvg2-common:amd64 (2.60.0+dfsg-1) ...
Setting up librubberband2:amd64 (3.3.0+dfsg-2+b3) ...
Setting up libjack-jackd2-0:amd64 (1.9.22~dfsg-4) ...
Setting up libdrm2:amd64 (2.4.124-2) ...
Setting up libva-drm2:amd64 (2.22.0-3) ...
Setting up libgdk-pixbuf2.0-bin (2.42.12+dfsg-4+deb13u1) ...
Setting up libsord-0-0:amd64 (0.16.18-1) ...
Setting up libwayland-cursor0:amd64 (1.23.1-3) ...
Setting up libsratom-0-0:amd64 (0.6.18-1) ...
Setting up libdecor-0-0:amd64 (0.2.2-2) ...
Setting up libsndfile1:amd64 (1.2.2-2+deb13u1) ...
Setting up libva-x11-2:amd64 (2.22.0-3) ...
Setting up liblilv-0-0:amd64 (0.24.26-1) ...
Setting up libopenmpt0t64:amd64 (0.7.13-1+b1) ...
Setting up libdrm-amdgpu1:amd64 (2.4.124-2) ...
Setting up libatk-bridge2.0-0t64:amd64 (2.56.2-1+deb13u1) ...
Setting up mesa-vulkan-drivers:amd64 (25.0.7-2) ...
Setting up dconf-gsettings-backend:amd64 (0.40.0-5) ...
Setting up libpulse0:amd64 (17.0+dfsg1-2+b1) ...
Setting up libdrm-intel1:amd64 (2.4.124-2) ...
Setting up libavutil59:amd64 (7:7.1.4-0+deb13u1) ...
Setting up libpostproc58:amd64 (7:7.1.4-0+deb13u1) ...
Setting up libsphinxbase3t64:amd64 (0.8+5prealpha+1-21+b1) ...
Setting up libswresample5:amd64 (7:7.1.4-0+deb13u1) ...
Setting up libswscale8:amd64 (7:7.1.4-0+deb13u1) ...
Setting up libavcodec61:amd64 (7:7.1.4-0+deb13u1) ...
Setting up libgtk-3-common (3.24.49-3) ...
Setting up i965-va-driver:amd64 (2.4.1+dfsg1-2) ...
Setting up gsettings-desktop-schemas (48.0-1) ...
Setting up mesa-libgallium:amd64 (25.0.7-2) ...
Setting up libgbm1:amd64 (25.0.7-2) ...
Setting up libgl1-mesa-dri:amd64 (25.0.7-2) ...
Setting up libavformat61:amd64 (7:7.1.4-0+deb13u1) ...
Setting up libpocketsphinx3:amd64 (0.8+5prealpha+1-15+b4) ...
Setting up libavfilter10:amd64 (7:7.1.4-0+deb13u1) ...
Setting up mesa-va-drivers:amd64 (25.0.7-2) ...
Setting up libsdl2-2.0-0:amd64 (2.32.4+dfsg-1) ...
Setting up libglx-mesa0:amd64 (25.0.7-2) ...
Setting up libglx0:amd64 (1.7.0-1+b2) ...
Setting up libgl1:amd64 (1.7.0-1+b2) ...
Setting up va-driver-all:amd64 (2.22.0-3) ...
Setting up libvdpau-va-gl1:amd64 (0.4.2-2) ...
Setting up libavdevice61:amd64 (7:7.1.4-0+deb13u1) ...
Setting up vdpau-driver-all:amd64 (1.5-3+b1) ...
Setting up ffmpeg (7:7.1.4-0+deb13u1) ...
Processing triggers for man-db (2.13.1-1) ...
Processing triggers for libglib2.0-0t64:amd64 (2.84.4-3~deb13u1) ...
Setting up libgtk-3-0t64:amd64 (3.24.49-3) ...
Setting up at-spi2-core (2.56.2-1+deb13u1) ...
Setting up libdecor-0-plugin-1-gtk:amd64 (0.2.2-2) ...
Processing triggers for libc-bin (2.41-12) ...
Setting up libgtk-3-bin (3.24.49-3) ...
Processing triggers for libgdk-pixbuf-2.0-0:amd64 (2.42.12+dfsg-4+deb13u1) ...
+ sudo apt-get install -y libimage-exiftool-perl
Reading package lists...
Building dependency tree...
Reading state information...
The following additional packages will be installed:
  libarchive-zip-perl libcompress-raw-lzma-perl libio-compress-brotli-perl
  libmime-charset-perl libsombok3 libunicode-linebreak-perl
Suggested packages:
  libposix-strptime-perl libencode-eucjpascii-perl libencode-hanextra-perl
  libpod2-base-perl
The following NEW packages will be installed:
  libarchive-zip-perl libcompress-raw-lzma-perl libimage-exiftool-perl
  libio-compress-brotli-perl libmime-charset-perl libsombok3
  libunicode-linebreak-perl
0 upgraded, 7 newly installed, 0 to remove and 76 not upgraded.
Need to get 6057 kB of archives.
After this operation, 29.3 MB of additional disk space will be used.
Get:1 file:/etc/apt/mirrors/debian.list Mirrorlist [38 B]
Get:2 https://cdn-aws.deb.debian.org/debian trixie/main amd64 libarchive-zip-perl all 1.68-1 [104 kB]
Get:3 https://cdn-aws.deb.debian.org/debian trixie/main amd64 libcompress-raw-lzma-perl amd64 2.213-1+b1 [38.2 kB]
Get:4 https://cdn-aws.deb.debian.org/debian trixie/main amd64 libimage-exiftool-perl all 13.25+dfsg-1 [5736 kB]
Get:5 https://cdn-aws.deb.debian.org/debian trixie/main amd64 libio-compress-brotli-perl amd64 0.004001-2+b3 [16.9 kB]
Get:6 https://cdn-aws.deb.debian.org/debian trixie/main amd64 libmime-charset-perl all 1.013.1-2 [34.0 kB]
Get:7 https://cdn-aws.deb.debian.org/debian trixie/main amd64 libsombok3 amd64 2.4.0-2+b2 [31.8 kB]
Get:8 https://cdn-aws.deb.debian.org/debian trixie/main amd64 libunicode-linebreak-perl amd64 0.0.20190101-1+b9 [96.1 kB]
dpkg-preconfigure: unable to re-open stdin: No such file or directory
Fetched 6057 kB in 0s (36.8 MB/s)
Selecting previously unselected package libarchive-zip-perl.
(Reading database ... 42994 files and directories currently installed.)
Preparing to unpack .../0-libarchive-zip-perl_1.68-1_all.deb ...
Unpacking libarchive-zip-perl (1.68-1) ...
Selecting previously unselected package libcompress-raw-lzma-perl:amd64.
Preparing to unpack .../1-libcompress-raw-lzma-perl_2.213-1+b1_amd64.deb ...
Unpacking libcompress-raw-lzma-perl:amd64 (2.213-1+b1) ...
Selecting previously unselected package libimage-exiftool-perl.
Preparing to unpack .../2-libimage-exiftool-perl_13.25+dfsg-1_all.deb ...
Unpacking libimage-exiftool-perl (13.25+dfsg-1) ...
Selecting previously unselected package libio-compress-brotli-perl.
Preparing to unpack .../3-libio-compress-brotli-perl_0.004001-2+b3_amd64.deb ...
Unpacking libio-compress-brotli-perl (0.004001-2+b3) ...
Selecting previously unselected package libmime-charset-perl.
Preparing to unpack .../4-libmime-charset-perl_1.013.1-2_all.deb ...
Unpacking libmime-charset-perl (1.013.1-2) ...
Selecting previously unselected package libsombok3:amd64.
Preparing to unpack .../5-libsombok3_2.4.0-2+b2_amd64.deb ...
Unpacking libsombok3:amd64 (2.4.0-2+b2) ...
Selecting previously unselected package libunicode-linebreak-perl.
Preparing to unpack .../6-libunicode-linebreak-perl_0.0.20190101-1+b9_amd64.deb ...
Unpacking libunicode-linebreak-perl (0.0.20190101-1+b9) ...
Setting up libsombok3:amd64 (2.4.0-2+b2) ...
Setting up libarchive-zip-perl (1.68-1) ...
Setting up libimage-exiftool-perl (13.25+dfsg-1) ...
Setting up libcompress-raw-lzma-perl:amd64 (2.213-1+b1) ...
Setting up libio-compress-brotli-perl (0.004001-2+b3) ...
Setting up libmime-charset-perl (1.013.1-2) ...
Setting up libunicode-linebreak-perl (0.0.20190101-1+b9) ...
Processing triggers for man-db (2.13.1-1) ...
Processing triggers for libc-bin (2.41-12) ...
+ sudo apt install -y mariadb-client

WARNING: apt does not have a stable CLI interface. Use with caution in scripts.

Reading package lists...
Building dependency tree...
Reading state information...
Installing:
  mariadb-client

Installing dependencies:
  libconfig-inifiles-perl  libncurses6           mariadb-common
  libdbd-mariadb-perl      libpcre2-posix3       mysql-common
  libdbi-perl              libterm-readkey-perl
  libmariadb3              mariadb-client-core

Suggested packages:
  libclone-perl  libmldbm-perl  libnet-daemon-perl  libsql-statement-perl

Summary:
  Upgrading: 0, Installing: 11, Removing: 0, Not Upgrading: 76
  Download size: 5498 kB
  Space needed: 85.9 MB / 27.3 GB available

Get:1 file:/etc/apt/mirrors/debian.list Mirrorlist [38 B]
Get:2 https://cdn-aws.deb.debian.org/debian trixie/main amd64 libconfig-inifiles-perl all 3.000003-3 [44.8 kB]
Get:3 https://cdn-aws.deb.debian.org/debian trixie/main amd64 libdbi-perl amd64 1.647-1 [861 kB]
Get:4 https://cdn-aws.deb.debian.org/debian trixie/main amd64 mysql-common all 5.8+1.1.1 [6784 B]
Get:5 https://cdn-aws.deb.debian.org/debian trixie/main amd64 mariadb-common all 1:11.8.6-0+deb13u1 [29.5 kB]
Get:6 https://cdn-aws.deb.debian.org/debian trixie/main amd64 libmariadb3 amd64 1:11.8.6-0+deb13u1 [187 kB]
Get:7 https://cdn-aws.deb.debian.org/debian trixie/main amd64 libdbd-mariadb-perl amd64 1.22-1+b4 [93.6 kB]
Get:8 https://cdn-aws.deb.debian.org/debian trixie/main amd64 libncurses6 amd64 6.5+20250216-2 [105 kB]
Get:9 https://cdn-aws.deb.debian.org/debian trixie/main amd64 libpcre2-posix3 amd64 10.46-1~deb13u1 [63.9 kB]
Get:10 https://cdn-aws.deb.debian.org/debian trixie/main amd64 libterm-readkey-perl amd64 2.38-2+b4 [24.6 kB]
Get:11 https://cdn-aws.deb.debian.org/debian trixie/main amd64 mariadb-client-core amd64 1:11.8.6-0+deb13u1 [919 kB]
Get:12 https://cdn-aws.deb.debian.org/debian trixie/main amd64 mariadb-client amd64 1:11.8.6-0+deb13u1 [3164 kB]
dpkg-preconfigure: unable to re-open stdin: No such file or directory
Fetched 5498 kB in 0s (34.1 MB/s)
Selecting previously unselected package libconfig-inifiles-perl.
(Reading database ... 43822 files and directories currently installed.)
Preparing to unpack .../00-libconfig-inifiles-perl_3.000003-3_all.deb ...
Unpacking libconfig-inifiles-perl (3.000003-3) ...
Selecting previously unselected package libdbi-perl:amd64.
Preparing to unpack .../01-libdbi-perl_1.647-1_amd64.deb ...
Unpacking libdbi-perl:amd64 (1.647-1) ...
Selecting previously unselected package mysql-common.
Preparing to unpack .../02-mysql-common_5.8+1.1.1_all.deb ...
Unpacking mysql-common (5.8+1.1.1) ...
Selecting previously unselected package mariadb-common.
Preparing to unpack .../03-mariadb-common_1%3a11.8.6-0+deb13u1_all.deb ...
Unpacking mariadb-common (1:11.8.6-0+deb13u1) ...
Selecting previously unselected package libmariadb3:amd64.
Preparing to unpack .../04-libmariadb3_1%3a11.8.6-0+deb13u1_amd64.deb ...
Unpacking libmariadb3:amd64 (1:11.8.6-0+deb13u1) ...
Selecting previously unselected package libdbd-mariadb-perl.
Preparing to unpack .../05-libdbd-mariadb-perl_1.22-1+b4_amd64.deb ...
Unpacking libdbd-mariadb-perl (1.22-1+b4) ...
Selecting previously unselected package libncurses6:amd64.
Preparing to unpack .../06-libncurses6_6.5+20250216-2_amd64.deb ...
Unpacking libncurses6:amd64 (6.5+20250216-2) ...
Selecting previously unselected package libpcre2-posix3:amd64.
Preparing to unpack .../07-libpcre2-posix3_10.46-1~deb13u1_amd64.deb ...
Unpacking libpcre2-posix3:amd64 (10.46-1~deb13u1) ...
Selecting previously unselected package libterm-readkey-perl.
Preparing to unpack .../08-libterm-readkey-perl_2.38-2+b4_amd64.deb ...
Unpacking libterm-readkey-perl (2.38-2+b4) ...
Selecting previously unselected package mariadb-client-core.
Preparing to unpack .../09-mariadb-client-core_1%3a11.8.6-0+deb13u1_amd64.deb ...
Unpacking mariadb-client-core (1:11.8.6-0+deb13u1) ...
Selecting previously unselected package mariadb-client.
Preparing to unpack .../10-mariadb-client_1%3a11.8.6-0+deb13u1_amd64.deb ...
Unpacking mariadb-client (1:11.8.6-0+deb13u1) ...
Setting up libconfig-inifiles-perl (3.000003-3) ...
Setting up mysql-common (5.8+1.1.1) ...
update-alternatives: using /etc/mysql/my.cnf.fallback to provide /etc/mysql/my.cnf (my.cnf) in auto mode
Setting up mariadb-common (1:11.8.6-0+deb13u1) ...
update-alternatives: using /etc/mysql/mariadb.cnf to provide /etc/mysql/my.cnf (my.cnf) in auto mode
Setting up libncurses6:amd64 (6.5+20250216-2) ...
Setting up libmariadb3:amd64 (1:11.8.6-0+deb13u1) ...
Setting up libpcre2-posix3:amd64 (10.46-1~deb13u1) ...
Setting up libterm-readkey-perl (2.38-2+b4) ...
Setting up libdbi-perl:amd64 (1.647-1) ...
Setting up mariadb-client-core (1:11.8.6-0+deb13u1) ...
Setting up libdbd-mariadb-perl (1.22-1+b4) ...
Setting up mariadb-client (1:11.8.6-0+deb13u1) ...
Processing triggers for man-db (2.13.1-1) ...
Processing triggers for libc-bin (2.41-12) ...
+ sudo apt install -y net-tools

WARNING: apt does not have a stable CLI interface. Use with caution in scripts.

Reading package lists...
Building dependency tree...
Reading state information...
Installing:
  net-tools

Summary:
  Upgrading: 0, Installing: 1, Removing: 0, Not Upgrading: 76
  Download size: 245 kB
  Space needed: 1012 kB / 27.2 GB available

Get:1 file:/etc/apt/mirrors/debian.list Mirrorlist [38 B]
Get:2 https://cdn-aws.deb.debian.org/debian trixie/main amd64 net-tools amd64 2.10-1.3 [245 kB]
dpkg-preconfigure: unable to re-open stdin: No such file or directory
Fetched 245 kB in 0s (2234 kB/s)
Selecting previously unselected package net-tools.
(Reading database ... 44140 files and directories currently installed.)
Preparing to unpack .../net-tools_2.10-1.3_amd64.deb ...
Unpacking net-tools (2.10-1.3) ...
Setting up net-tools (2.10-1.3) ...
Processing triggers for man-db (2.13.1-1) ...
+ sudo apt install -y clamav clamav-daemon

WARNING: apt does not have a stable CLI interface. Use with caution in scripts.

Reading package lists...
Building dependency tree...
Reading state information...
Installing:
  clamav  clamav-daemon

Installing dependencies:
  clamav-base       clamdscan    libmspack0t64
  clamav-freshclam  libclamav12  logrotate

Suggested packages:
  libclamunrar  clamav-doc  daemon  libclamunrar11  bsd-mailx  | mailx

Summary:
  Upgrading: 0, Installing: 8, Removing: 0, Not Upgrading: 76
  Download size: 15.4 MB
  Space needed: 70.8 MB / 27.2 GB available

Get:1 file:/etc/apt/mirrors/debian.list Mirrorlist [38 B]
Get:2 https://cdn-aws.deb.debian.org/debian trixie/main amd64 logrotate amd64 3.22.0-1 [62.0 kB]
Get:3 https://cdn-aws.deb.debian.org/debian trixie/main amd64 clamav-base all 1.4.3+dfsg-1 [100 kB]
Get:4 https://cdn-aws.deb.debian.org/debian trixie/main amd64 libmspack0t64 amd64 0.11-1.1+b1 [53.0 kB]
Get:5 https://cdn-aws.deb.debian.org/debian trixie/main amd64 libclamav12 amd64 1.4.3+dfsg-1 [7796 kB]
Get:6 https://cdn-aws.deb.debian.org/debian trixie/main amd64 clamav-freshclam amd64 1.4.3+dfsg-1 [161 kB]
Get:7 https://cdn-aws.deb.debian.org/debian trixie/main amd64 clamav-daemon amd64 1.4.3+dfsg-1 [216 kB]
Get:8 https://cdn-aws.deb.debian.org/debian trixie/main amd64 clamav amd64 1.4.3+dfsg-1 [6941 kB]
Get:9 https://cdn-aws.deb.debian.org/debian trixie/main amd64 clamdscan amd64 1.4.3+dfsg-1 [58.6 kB]
dpkg-preconfigure: unable to re-open stdin: No such file or directory
Fetched 15.4 MB in 0s (57.7 MB/s)
Selecting previously unselected package logrotate.
(Reading database ... 44194 files and directories currently installed.)
Preparing to unpack .../0-logrotate_3.22.0-1_amd64.deb ...
Unpacking logrotate (3.22.0-1) ...
Selecting previously unselected package clamav-base.
Preparing to unpack .../1-clamav-base_1.4.3+dfsg-1_all.deb ...
Unpacking clamav-base (1.4.3+dfsg-1) ...
Selecting previously unselected package libmspack0t64:amd64.
Preparing to unpack .../2-libmspack0t64_0.11-1.1+b1_amd64.deb ...
Unpacking libmspack0t64:amd64 (0.11-1.1+b1) ...
Selecting previously unselected package libclamav12:amd64.
Preparing to unpack .../3-libclamav12_1.4.3+dfsg-1_amd64.deb ...
Unpacking libclamav12:amd64 (1.4.3+dfsg-1) ...
Selecting previously unselected package clamav-freshclam.
Preparing to unpack .../4-clamav-freshclam_1.4.3+dfsg-1_amd64.deb ...
Unpacking clamav-freshclam (1.4.3+dfsg-1) ...
Selecting previously unselected package clamav-daemon.
Preparing to unpack .../5-clamav-daemon_1.4.3+dfsg-1_amd64.deb ...
Unpacking clamav-daemon (1.4.3+dfsg-1) ...
Selecting previously unselected package clamav.
Preparing to unpack .../6-clamav_1.4.3+dfsg-1_amd64.deb ...
Unpacking clamav (1.4.3+dfsg-1) ...
Selecting previously unselected package clamdscan.
Preparing to unpack .../7-clamdscan_1.4.3+dfsg-1_amd64.deb ...
Unpacking clamdscan (1.4.3+dfsg-1) ...
Setting up logrotate (3.22.0-1) ...
Created symlink '/etc/systemd/system/timers.target.wants/logrotate.timer' → '/usr/lib/systemd/system/logrotate.timer'.
logrotate.service is a disabled or a static unit, not starting it.
Setting up libmspack0t64:amd64 (0.11-1.1+b1) ...
Setting up libclamav12:amd64 (1.4.3+dfsg-1) ...
Setting up clamav-base (1.4.3+dfsg-1) ...
id: ‘clamav’: no such user
Setting up clamav-freshclam (1.4.3+dfsg-1) ...
Setting up clamdscan (1.4.3+dfsg-1) ...
Setting up clamav-daemon (1.4.3+dfsg-1) ...
Created symlink '/etc/systemd/system/multi-user.target.wants/clamav-daemon.service' → '/usr/lib/systemd/system/clamav-daemon.service'.
Created symlink '/etc/systemd/system/sockets.target.wants/clamav-daemon.socket' → '/usr/lib/systemd/system/clamav-daemon.socket'.
Setting up clamav (1.4.3+dfsg-1) ...
Processing triggers for man-db (2.13.1-1) ...
Processing triggers for libc-bin (2.41-12) ...
+ sudo systemctl enable clamav-freshclam
Synchronizing state of clamav-freshclam.service with SysV service script with /usr/lib/systemd/systemd-sysv-install.
Executing: /usr/lib/systemd/systemd-sysv-install enable clamav-freshclam
Created symlink '/etc/systemd/system/multi-user.target.wants/clamav-freshclam.service' → '/usr/lib/systemd/system/clamav-freshclam.service'.
+ sudo systemctl enable clamav-daemon
Synchronizing state of clamav-daemon.service with SysV service script with /usr/lib/systemd/systemd-sysv-install.
Executing: /usr/lib/systemd/systemd-sysv-install enable clamav-daemon
+ sudo systemctl start clamav-freshclam
+ sudo systemctl start clamav-daemon
+ echo '### Setting up cronjob for offline jobs ###'
### Setting up cronjob for offline jobs ###
+ sudo apt-get install -y cron
Reading package lists...
Building dependency tree...
Reading state information...
The following additional packages will be installed:
  bsd-mailx cron-daemon-common exim4-base exim4-config exim4-daemon-light
  libevent-2.1-7t64 libfile-fcntllock-perl libgnutls-dane0t64 libgnutls30t64
  liblockfile-bin liblockfile1 libnsl2 libunbound8
Suggested packages:
  anacron checksecurity supercat bat exim4-doc-html | exim4-doc-info eximon4
  spf-tools-perl swaks gcc | c-compiler dns-root-data
The following NEW packages will be installed:
  bsd-mailx cron cron-daemon-common exim4-base exim4-config exim4-daemon-light
  libevent-2.1-7t64 libfile-fcntllock-perl libgnutls-dane0t64 liblockfile-bin
  liblockfile1 libnsl2 libunbound8
The following packages will be upgraded:
  libgnutls30t64
1 upgraded, 13 newly installed, 0 to remove and 75 not upgraded.
Need to get 5019 kB of archives.
After this operation, 7591 kB of additional disk space will be used.
Get:1 file:/etc/apt/mirrors/debian.list Mirrorlist [38 B]
Get:3 file:/etc/apt/mirrors/debian-security.list Mirrorlist [47 B]
Get:2 https://cdn-aws.deb.debian.org/debian trixie/main amd64 cron-daemon-common all 3.0pl1-197 [17.8 kB]
Get:4 https://cdn-aws.deb.debian.org/debian trixie/main amd64 cron amd64 3.0pl1-197 [87.4 kB]
Get:5 https://cdn-aws.deb.debian.org/debian trixie/main amd64 liblockfile-bin amd64 1.17-2 [15.8 kB]
Get:6 https://cdn-aws.deb.debian.org/debian trixie/main amd64 libfile-fcntllock-perl amd64 0.22-4+b4 [34.6 kB]
Get:7 https://cdn-aws.deb.debian.org/debian trixie/main amd64 libevent-2.1-7t64 amd64 2.1.12-stable-10+b1 [182 kB]
Get:8 https://cdn-aws.deb.debian.org/debian trixie/main amd64 libnsl2 amd64 1.3.0-3+b3 [40.6 kB]
Get:9 https://cdn-aws.deb.debian.org/debian-security trixie-security/main amd64 exim4-config all 4.98.2-1+deb13u3 [250 kB]
Get:10 https://cdn-aws.deb.debian.org/debian-security trixie-security/main amd64 exim4-base amd64 4.98.2-1+deb13u3 [1143 kB]
Get:11 https://cdn-aws.deb.debian.org/debian-security trixie-security/main amd64 libgnutls30t64 amd64 3.8.9-3+deb13u4 [1469 kB]
Get:12 https://cdn-aws.deb.debian.org/debian-security trixie-security/main amd64 libunbound8 amd64 1.22.0-2+deb13u3 [599 kB]
Get:13 https://cdn-aws.deb.debian.org/debian-security trixie-security/main amd64 libgnutls-dane0t64 amd64 3.8.9-3+deb13u4 [456 kB]
Get:14 https://cdn-aws.deb.debian.org/debian-security trixie-security/main amd64 exim4-daemon-light amd64 4.98.2-1+deb13u3 [631 kB]
Get:15 https://cdn-aws.deb.debian.org/debian trixie/main amd64 liblockfile1 amd64 1.17-2 [11.9 kB]
Get:16 https://cdn-aws.deb.debian.org/debian trixie/main amd64 bsd-mailx amd64 8.1.2-0.20220412cvs-1.1 [82.2 kB]
apt-listchanges: Reading changelogs...
dpkg-preconfigure: unable to re-open stdin: No such file or directory
Fetched 5019 kB in 0s (26.7 MB/s)
Selecting previously unselected package cron-daemon-common.
(Reading database ... 44330 files and directories currently installed.)
Preparing to unpack .../cron-daemon-common_3.0pl1-197_all.deb ...
Unpacking cron-daemon-common (3.0pl1-197) ...
Setting up cron-daemon-common (3.0pl1-197) ...
Creating group 'crontab' with GID 987.
Selecting previously unselected package cron.
(Reading database ... 44349 files and directories currently installed.)
Preparing to unpack .../00-cron_3.0pl1-197_amd64.deb ...
Unpacking cron (3.0pl1-197) ...
Selecting previously unselected package liblockfile-bin.
Preparing to unpack .../01-liblockfile-bin_1.17-2_amd64.deb ...
Unpacking liblockfile-bin (1.17-2) ...
Selecting previously unselected package exim4-config.
Preparing to unpack .../02-exim4-config_4.98.2-1+deb13u3_all.deb ...
Unpacking exim4-config (4.98.2-1+deb13u3) ...
Selecting previously unselected package libfile-fcntllock-perl.
Preparing to unpack .../03-libfile-fcntllock-perl_0.22-4+b4_amd64.deb ...
Unpacking libfile-fcntllock-perl (0.22-4+b4) ...
Selecting previously unselected package exim4-base.
Preparing to unpack .../04-exim4-base_4.98.2-1+deb13u3_amd64.deb ...
Unpacking exim4-base (4.98.2-1+deb13u3) ...
Preparing to unpack .../05-libgnutls30t64_3.8.9-3+deb13u4_amd64.deb ...
Unpacking libgnutls30t64:amd64 (3.8.9-3+deb13u4) over (3.8.9-3) ...
Selecting previously unselected package libevent-2.1-7t64:amd64.
Preparing to unpack .../06-libevent-2.1-7t64_2.1.12-stable-10+b1_amd64.deb ...
Unpacking libevent-2.1-7t64:amd64 (2.1.12-stable-10+b1) ...
Selecting previously unselected package libunbound8:amd64.
Preparing to unpack .../07-libunbound8_1.22.0-2+deb13u3_amd64.deb ...
Unpacking libunbound8:amd64 (1.22.0-2+deb13u3) ...
Selecting previously unselected package libgnutls-dane0t64:amd64.
Preparing to unpack .../08-libgnutls-dane0t64_3.8.9-3+deb13u4_amd64.deb ...
Unpacking libgnutls-dane0t64:amd64 (3.8.9-3+deb13u4) ...
Selecting previously unselected package libnsl2:amd64.
Preparing to unpack .../09-libnsl2_1.3.0-3+b3_amd64.deb ...
Unpacking libnsl2:amd64 (1.3.0-3+b3) ...
Selecting previously unselected package exim4-daemon-light.
Preparing to unpack .../10-exim4-daemon-light_4.98.2-1+deb13u3_amd64.deb ...
Unpacking exim4-daemon-light (4.98.2-1+deb13u3) ...
Selecting previously unselected package liblockfile1:amd64.
Preparing to unpack .../11-liblockfile1_1.17-2_amd64.deb ...
Unpacking liblockfile1:amd64 (1.17-2) ...
Selecting previously unselected package bsd-mailx.
Preparing to unpack .../12-bsd-mailx_8.1.2-0.20220412cvs-1.1_amd64.deb ...
Unpacking bsd-mailx (8.1.2-0.20220412cvs-1.1) ...
Setting up libgnutls30t64:amd64 (3.8.9-3+deb13u4) ...
Setting up liblockfile-bin (1.17-2) ...
Setting up libfile-fcntllock-perl (0.22-4+b4) ...
Setting up cron (3.0pl1-197) ...
Created symlink '/etc/systemd/system/multi-user.target.wants/cron.service' → '/usr/lib/systemd/system/cron.service'.
Setting up libevent-2.1-7t64:amd64 (2.1.12-stable-10+b1) ...
Setting up libunbound8:amd64 (1.22.0-2+deb13u3) ...
Setting up libgnutls-dane0t64:amd64 (3.8.9-3+deb13u4) ...
Setting up exim4-config (4.98.2-1+deb13u3) ...
Adding system-user for exim (v4)
Setting up libnsl2:amd64 (1.3.0-3+b3) ...
Setting up liblockfile1:amd64 (1.17-2) ...
Setting up exim4-base (4.98.2-1+deb13u3) ...
exim: DB upgrade, deleting hints-db
Created symlink '/etc/systemd/system/timers.target.wants/exim4-base.timer' → '/usr/lib/systemd/system/exim4-base.timer'.
exim4-base.service is a disabled or a static unit, not starting it.
Setting up exim4-daemon-light (4.98.2-1+deb13u3) ...
Created symlink '/etc/systemd/system/multi-user.target.wants/exim4.service' → '/usr/lib/systemd/system/exim4.service'.
Setting up bsd-mailx (8.1.2-0.20220412cvs-1.1) ...
update-alternatives: using /usr/bin/bsd-mailx to provide /usr/bin/mailx (mailx) in auto mode
Processing triggers for man-db (2.13.1-1) ...
Processing triggers for libc-bin (2.41-12) ...
+ sudo tee /etc/cron.d/resourcespace
+ sudo chown root:root /etc/cron.d/resourcespace
+ sudo chmod 0644 /etc/cron.d/resourcespace
+ sudo systemctl enable cron
Synchronizing state of cron.service with SysV service script with /usr/lib/systemd/systemd-sysv-install.
Executing: /usr/lib/systemd/systemd-sysv-install enable cron
+ sudo systemctl restart cron
+ echo '### Installing sqlite3 ###'
### Installing sqlite3 ###
+ sudo apt-get install -y php-sqlite3
Reading package lists...
Building dependency tree...
Reading state information...
The following additional packages will be installed:
  php8.4-sqlite3
The following NEW packages will be installed:
  php-sqlite3 php8.4-sqlite3
0 upgraded, 2 newly installed, 0 to remove and 75 not upgraded.
Need to get 38.8 kB of archives.
After this operation, 174 kB of additional disk space will be used.
Get:1 file:/etc/apt/mirrors/debian-security.list Mirrorlist [47 B]
Get:2 file:/etc/apt/mirrors/debian.list Mirrorlist [38 B]
Get:3 https://cdn-aws.deb.debian.org/debian-security trixie-security/main amd64 php8.4-sqlite3 amd64 8.4.21-1~deb13u1 [34.8 kB]
Get:4 https://cdn-aws.deb.debian.org/debian trixie/main amd64 php-sqlite3 all 2:8.4+96 [3976 B]
dpkg-preconfigure: unable to re-open stdin: No such file or directory
Fetched 38.8 kB in 0s (383 kB/s)
Selecting previously unselected package php8.4-sqlite3.
(Reading database ... 44652 files and directories currently installed.)
Preparing to unpack .../php8.4-sqlite3_8.4.21-1~deb13u1_amd64.deb ...
Unpacking php8.4-sqlite3 (8.4.21-1~deb13u1) ...
Selecting previously unselected package php-sqlite3.
Preparing to unpack .../php-sqlite3_2%3a8.4+96_all.deb ...
Unpacking php-sqlite3 (2:8.4+96) ...
Setting up php8.4-sqlite3 (8.4.21-1~deb13u1) ...
Creating config file /etc/php/8.4/mods-available/sqlite3.ini with new version
Creating config file /etc/php/8.4/mods-available/pdo_sqlite.ini with new version
Setting up php-sqlite3 (2:8.4+96) ...
Processing triggers for php8.4-fpm (8.4.21-1~deb13u1) ...
Processing triggers for php8.4-cli (8.4.21-1~deb13u1) ...
+ echo '### Installing APCu ###'
### Installing APCu ###
+ sudo cp /tmp/bcparks-dam/src/resourcespace/files/install-apcu.sh /tmp/
+ sudo chmod +x /tmp/install-apcu.sh
+ sudo /tmp/install-apcu.sh
Reading package lists...
Building dependency tree...
Reading state information...
The following additional packages will be installed:
  automake autopoint autotools-dev binutils binutils-common
  binutils-x86-64-linux-gnu bzip2 cpp cpp-14 cpp-14-x86-64-linux-gnu
  cpp-x86-64-linux-gnu dctrl-tools debhelper dh-autoreconf
  dh-strip-nondeterminism dpkg dpkg-dev dwz fakeroot g++ g++-14
  g++-14-x86-64-linux-gnu g++-x86-64-linux-gnu gcc gcc-14
  gcc-14-x86-64-linux-gnu gcc-x86-64-linux-gnu gettext intltool-debian
  libalgorithm-diff-perl libalgorithm-diff-xs-perl libalgorithm-merge-perl
  libarchive-cpio-perl libasan8 libbinutils libc-bin libc-dev-bin libc-l10n
  libc6 libc6-dev libcc1-0 libcrypt-dev libctf-nobfd0 libctf0
  libdebhelper-perl libdpkg-perl libfakeroot libfile-stripnondeterminism-perl
  libgcc-14-dev libgprofng0 libhwasan0 libisl23 libitm1 libjansson4
  liblocale-gettext-perl liblsan0 libltdl-dev libmail-sendmail-perl libmpc3
  libmpfr6 libpcre2-16-0 libpcre2-32-0 libpcre2-dev libpkgconf3 libquadmath0
  libsframe1 libssl-dev libssl3t64 libstdc++-14-dev libsys-hostname-long-perl
  libtool libtsan2 libubsan1 linux-libc-dev locales m4 make manpages-dev
  openssl openssl-provider-legacy php8.4-dev pkg-config pkg-php-tools pkgconf
  pkgconf-bin po-debconf rpcsvc-proto shtool sq
Suggested packages:
  autoconf-archive gnu-standards autoconf-doc binutils-doc gprofng-gui
  binutils-gold bzip2-doc cpp-doc gcc-14-locales cpp-14-doc debtags dh-make
  debian-keyring debian-tag2upload-keyring g++-multilib g++-14-multilib
  gcc-14-doc gcc-multilib flex bison gdb gcc-doc gcc-14-multilib
  gdb-x86-64-linux-gnu gettext-doc libasprintf-dev libgettextpo-dev
  gnulib-l10n libc-devtools glibc-doc bzr libtool-doc libssl-doc
  libstdc++-14-doc gfortran | fortran95-compiler gcj-jdk m4-doc make-doc
  dh-php libmail-box-perl
The following NEW packages will be installed:
  autoconf automake autopoint autotools-dev binutils binutils-common
  binutils-x86-64-linux-gnu build-essential bzip2 cpp cpp-14
  cpp-14-x86-64-linux-gnu cpp-x86-64-linux-gnu dctrl-tools debhelper
  dh-autoreconf dh-strip-nondeterminism dpkg-dev dwz fakeroot g++ g++-14
  g++-14-x86-64-linux-gnu g++-x86-64-linux-gnu gcc gcc-14
  gcc-14-x86-64-linux-gnu gcc-x86-64-linux-gnu gettext intltool-debian
  libalgorithm-diff-perl libalgorithm-diff-xs-perl libalgorithm-merge-perl
  libarchive-cpio-perl libasan8 libbinutils libc-dev-bin libc6-dev libcc1-0
  libcrypt-dev libctf-nobfd0 libctf0 libdebhelper-perl libdpkg-perl
  libfakeroot libfile-stripnondeterminism-perl libgcc-14-dev libgprofng0
  libhwasan0 libisl23 libitm1 libjansson4 liblocale-gettext-perl liblsan0
  libltdl-dev libmail-sendmail-perl libmpc3 libmpfr6 libpcre2-16-0
  libpcre2-32-0 libpcre2-dev libpkgconf3 libquadmath0 libsframe1 libssl-dev
  libstdc++-14-dev libsys-hostname-long-perl libtool libtsan2 libubsan1
  linux-libc-dev m4 make manpages-dev php-dev php-pear php8.4-dev pkg-config
  pkg-php-tools pkgconf pkgconf-bin po-debconf rpcsvc-proto shtool sq
The following packages will be upgraded:
  dpkg libc-bin libc-l10n libc6 libssl3t64 locales openssl
  openssl-provider-legacy
8 upgraded, 85 newly installed, 0 to remove and 67 not upgraded.
Need to get 108 MB of archives.
After this operation, 359 MB of additional disk space will be used.
Get:1 file:/etc/apt/mirrors/debian.list Mirrorlist [38 B]
Get:33 file:/etc/apt/mirrors/debian-security.list Mirrorlist [47 B]
Get:2 https://cdn-aws.deb.debian.org/debian trixie/main amd64 dpkg amd64 1.22.22 [1537 kB]
Get:3 https://cdn-aws.deb.debian.org/debian trixie/main amd64 libc6 amd64 2.41-12+deb13u3 [2850 kB]
Get:4 https://cdn-aws.deb.debian.org/debian trixie/main amd64 libc-bin amd64 2.41-12+deb13u3 [638 kB]
Get:5 https://cdn-aws.deb.debian.org/debian trixie/main amd64 liblocale-gettext-perl amd64 1.07-7+b1 [15.3 kB]
Get:6 https://cdn-aws.deb.debian.org/debian trixie/main amd64 openssl-provider-legacy amd64 3.5.6-1~deb13u1 [312 kB]
Get:7 https://cdn-aws.deb.debian.org/debian trixie/main amd64 libssl3t64 amd64 3.5.6-1~deb13u1 [2448 kB]
Get:8 https://cdn-aws.deb.debian.org/debian trixie/main amd64 bzip2 amd64 1.0.8-6 [40.5 kB]
Get:9 https://cdn-aws.deb.debian.org/debian trixie/main amd64 libc-l10n all 2.41-12+deb13u3 [740 kB]
Get:10 https://cdn-aws.deb.debian.org/debian trixie/main amd64 locales all 2.41-12+deb13u3 [3925 kB]
Get:11 https://cdn-aws.deb.debian.org/debian trixie/main amd64 m4 amd64 1.4.19-8 [294 kB]
Get:12 https://cdn-aws.deb.debian.org/debian trixie/main amd64 autoconf all 2.72-3.1 [494 kB]
Get:13 https://cdn-aws.deb.debian.org/debian trixie/main amd64 autotools-dev all 20240727.1 [60.2 kB]
Get:14 https://cdn-aws.deb.debian.org/debian trixie/main amd64 automake all 1:1.17-4 [862 kB]
Get:15 https://cdn-aws.deb.debian.org/debian trixie/main amd64 autopoint all 0.23.1-2 [770 kB]
Get:16 https://cdn-aws.deb.debian.org/debian trixie/main amd64 libsframe1 amd64 2.44-3 [78.4 kB]
Get:17 https://cdn-aws.deb.debian.org/debian trixie/main amd64 binutils-common amd64 2.44-3 [2509 kB]
Get:18 https://cdn-aws.deb.debian.org/debian trixie/main amd64 libbinutils amd64 2.44-3 [534 kB]
Get:19 https://cdn-aws.deb.debian.org/debian trixie/main amd64 libgprofng0 amd64 2.44-3 [808 kB]
Get:20 https://cdn-aws.deb.debian.org/debian trixie/main amd64 libctf-nobfd0 amd64 2.44-3 [156 kB]
Get:21 https://cdn-aws.deb.debian.org/debian trixie/main amd64 libctf0 amd64 2.44-3 [88.6 kB]
Get:22 https://cdn-aws.deb.debian.org/debian trixie/main amd64 libjansson4 amd64 2.14-2+b3 [39.8 kB]
Get:23 https://cdn-aws.deb.debian.org/debian trixie/main amd64 binutils-x86-64-linux-gnu amd64 2.44-3 [1014 kB]
Get:24 https://cdn-aws.deb.debian.org/debian trixie/main amd64 binutils amd64 2.44-3 [265 kB]
Get:25 https://cdn-aws.deb.debian.org/debian trixie/main amd64 libc-dev-bin amd64 2.41-12+deb13u3 [59.8 kB]
Get:26 https://cdn-aws.deb.debian.org/debian trixie/main amd64 libcrypt-dev amd64 1:4.4.38-1 [119 kB]
Get:27 https://cdn-aws.deb.debian.org/debian trixie/main amd64 rpcsvc-proto amd64 1.4.3-1 [63.3 kB]
Get:28 https://cdn-aws.deb.debian.org/debian trixie/main amd64 libc6-dev amd64 2.41-12+deb13u3 [1992 kB]
Get:29 https://cdn-aws.deb.debian.org/debian trixie/main amd64 libisl23 amd64 0.27-1 [659 kB]
Get:30 https://cdn-aws.deb.debian.org/debian trixie/main amd64 libmpfr6 amd64 4.2.2-1 [729 kB]
Get:31 https://cdn-aws.deb.debian.org/debian trixie/main amd64 libmpc3 amd64 1.3.1-1+b3 [52.2 kB]
Get:32 https://cdn-aws.deb.debian.org/debian trixie/main amd64 cpp-14-x86-64-linux-gnu amd64 14.2.0-19 [11.0 MB]
Get:34 https://cdn-aws.deb.debian.org/debian trixie/main amd64 cpp-14 amd64 14.2.0-19 [1280 B]
Get:35 https://cdn-aws.deb.debian.org/debian trixie/main amd64 cpp-x86-64-linux-gnu amd64 4:14.2.0-1 [4840 B]
Get:36 https://cdn-aws.deb.debian.org/debian trixie/main amd64 cpp amd64 4:14.2.0-1 [1568 B]
Get:37 https://cdn-aws.deb.debian.org/debian trixie/main amd64 libcc1-0 amd64 14.2.0-19 [42.8 kB]
Get:38 https://cdn-aws.deb.debian.org/debian trixie/main amd64 libitm1 amd64 14.2.0-19 [26.0 kB]
Get:39 https://cdn-aws.deb.debian.org/debian trixie/main amd64 libasan8 amd64 14.2.0-19 [2725 kB]
Get:40 https://cdn-aws.deb.debian.org/debian trixie/main amd64 liblsan0 amd64 14.2.0-19 [1204 kB]
Get:41 https://cdn-aws.deb.debian.org/debian trixie/main amd64 libtsan2 amd64 14.2.0-19 [2460 kB]
Get:42 https://cdn-aws.deb.debian.org/debian trixie/main amd64 libubsan1 amd64 14.2.0-19 [1074 kB]
Get:43 https://cdn-aws.deb.debian.org/debian trixie/main amd64 libhwasan0 amd64 14.2.0-19 [1488 kB]
Get:44 https://cdn-aws.deb.debian.org/debian trixie/main amd64 libquadmath0 amd64 14.2.0-19 [145 kB]
Get:45 https://cdn-aws.deb.debian.org/debian trixie/main amd64 libgcc-14-dev amd64 14.2.0-19 [2672 kB]
Get:46 https://cdn-aws.deb.debian.org/debian trixie/main amd64 gcc-14-x86-64-linux-gnu amd64 14.2.0-19 [21.4 MB]
Get:47 https://cdn-aws.deb.debian.org/debian trixie/main amd64 gcc-14 amd64 14.2.0-19 [540 kB]
Get:48 https://cdn-aws.deb.debian.org/debian trixie/main amd64 gcc-x86-64-linux-gnu amd64 4:14.2.0-1 [1436 B]
Get:49 https://cdn-aws.deb.debian.org/debian trixie/main amd64 gcc amd64 4:14.2.0-1 [5136 B]
Get:50 https://cdn-aws.deb.debian.org/debian trixie/main amd64 libstdc++-14-dev amd64 14.2.0-19 [2376 kB]
Get:51 https://cdn-aws.deb.debian.org/debian trixie/main amd64 g++-14-x86-64-linux-gnu amd64 14.2.0-19 [12.1 MB]
Get:52 https://cdn-aws.deb.debian.org/debian-security trixie-security/main amd64 linux-libc-dev all 6.12.90-2 [2813 kB]
Get:53 https://cdn-aws.deb.debian.org/debian trixie/main amd64 g++-14 amd64 14.2.0-19 [22.5 kB]
Get:54 https://cdn-aws.deb.debian.org/debian trixie/main amd64 g++-x86-64-linux-gnu amd64 4:14.2.0-1 [1200 B]
Get:55 https://cdn-aws.deb.debian.org/debian trixie/main amd64 g++ amd64 4:14.2.0-1 [1344 B]
Get:56 https://cdn-aws.deb.debian.org/debian trixie/main amd64 make amd64 4.4.1-2 [463 kB]
Get:57 https://cdn-aws.deb.debian.org/debian trixie/main amd64 libdpkg-perl all 1.22.22 [651 kB]
Get:58 https://cdn-aws.deb.debian.org/debian trixie/main amd64 dpkg-dev all 1.22.22 [1337 kB]
Get:59 https://cdn-aws.deb.debian.org/debian trixie/main amd64 build-essential amd64 12.12 [4624 B]
Get:60 https://cdn-aws.deb.debian.org/debian trixie/main amd64 dctrl-tools amd64 2.24-3+b1 [104 kB]
Get:61 https://cdn-aws.deb.debian.org/debian trixie/main amd64 libdebhelper-perl all 13.24.2 [90.9 kB]
Get:62 https://cdn-aws.deb.debian.org/debian trixie/main amd64 libtool all 2.5.4-4 [539 kB]
Get:63 https://cdn-aws.deb.debian.org/debian trixie/main amd64 dh-autoreconf all 20 [17.1 kB]
Get:64 https://cdn-aws.deb.debian.org/debian trixie/main amd64 libfile-stripnondeterminism-perl all 1.14.1-2 [19.7 kB]
Get:65 https://cdn-aws.deb.debian.org/debian trixie/main amd64 dh-strip-nondeterminism all 1.14.1-2 [8620 B]
Get:66 https://cdn-aws.deb.debian.org/debian trixie/main amd64 dwz amd64 0.15-1+b1 [110 kB]
Get:67 https://cdn-aws.deb.debian.org/debian trixie/main amd64 gettext amd64 0.23.1-2 [1680 kB]
Get:68 https://cdn-aws.deb.debian.org/debian trixie/main amd64 intltool-debian all 0.35.0+20060710.6 [22.9 kB]
Get:69 https://cdn-aws.deb.debian.org/debian trixie/main amd64 po-debconf all 1.0.21+nmu1 [248 kB]
Get:70 https://cdn-aws.deb.debian.org/debian trixie/main amd64 debhelper all 13.24.2 [919 kB]
Get:71 https://cdn-aws.deb.debian.org/debian trixie/main amd64 libfakeroot amd64 1.37.1.1-1 [29.6 kB]
Get:72 https://cdn-aws.deb.debian.org/debian trixie/main amd64 fakeroot amd64 1.37.1.1-1 [76.0 kB]
Get:73 https://cdn-aws.deb.debian.org/debian trixie/main amd64 libalgorithm-diff-perl all 1.201-1 [43.3 kB]
Get:74 https://cdn-aws.deb.debian.org/debian trixie/main amd64 libalgorithm-diff-xs-perl amd64 0.04-9 [11.1 kB]
Get:75 https://cdn-aws.deb.debian.org/debian trixie/main amd64 libalgorithm-merge-perl all 0.08-5 [11.8 kB]
Get:76 https://cdn-aws.deb.debian.org/debian trixie/main amd64 libarchive-cpio-perl all 0.10-3 [10.8 kB]
Get:77 https://cdn-aws.deb.debian.org/debian trixie/main amd64 libltdl-dev amd64 2.5.4-4 [168 kB]
Get:78 https://cdn-aws.deb.debian.org/debian trixie/main amd64 libsys-hostname-long-perl all 1.5-3 [11.6 kB]
Get:79 https://cdn-aws.deb.debian.org/debian trixie/main amd64 libmail-sendmail-perl all 0.80-3 [24.3 kB]
Get:80 https://cdn-aws.deb.debian.org/debian trixie/main amd64 libpcre2-16-0 amd64 10.46-1~deb13u1 [281 kB]
Get:81 https://cdn-aws.deb.debian.org/debian trixie/main amd64 libpcre2-32-0 amd64 10.46-1~deb13u1 [268 kB]
Get:82 https://cdn-aws.deb.debian.org/debian trixie/main amd64 libpcre2-dev amd64 10.46-1~deb13u1 [853 kB]
Get:83 https://cdn-aws.deb.debian.org/debian trixie/main amd64 libpkgconf3 amd64 1.8.1-4 [36.4 kB]
Get:84 https://cdn-aws.deb.debian.org/debian trixie/main amd64 libssl-dev amd64 3.5.6-1~deb13u1 [2958 kB]
Get:85 https://cdn-aws.deb.debian.org/debian trixie/main amd64 manpages-dev all 6.9.1-1 [2122 kB]
Get:86 https://cdn-aws.deb.debian.org/debian trixie/main amd64 openssl amd64 3.5.6-1~deb13u1 [1503 kB]
Get:87 https://cdn-aws.deb.debian.org/debian trixie/main amd64 pkgconf-bin amd64 1.8.1-4 [30.2 kB]
Get:88 https://cdn-aws.deb.debian.org/debian trixie/main amd64 pkgconf amd64 1.8.1-4 [26.2 kB]
Get:89 https://cdn-aws.deb.debian.org/debian trixie/main amd64 pkg-config amd64 1.8.1-4 [14.0 kB]
Get:90 https://cdn-aws.deb.debian.org/debian trixie/main amd64 shtool all 2.0.8-10 [135 kB]
Get:91 https://cdn-aws.deb.debian.org/debian-security trixie-security/main amd64 php8.4-dev amd64 8.4.21-1~deb13u1 [583 kB]
Get:92 https://cdn-aws.deb.debian.org/debian trixie/main amd64 php-dev all 2:8.4+96 [4352 B]
Get:93 https://cdn-aws.deb.debian.org/debian trixie/main amd64 php-pear all 1:1.10.16+submodules+notgz-3 [290 kB]
Get:94 https://cdn-aws.deb.debian.org/debian trixie/main amd64 pkg-php-tools all 1.49 [32.6 kB]
Get:95 https://cdn-aws.deb.debian.org/debian trixie/main amd64 sq amd64 1.3.1-2+b2 [5653 kB]
apt-listchanges: Reading changelogs...
dpkg-preconfigure: unable to re-open stdin: No such file or directory
Fetched 108 MB in 1s (103 MB/s)
(Reading database ... 44666 files and directories currently installed.)
Preparing to unpack .../dpkg_1.22.22_amd64.deb ...
Unpacking dpkg (1.22.22) over (1.22.21) ...
Setting up dpkg (1.22.22) ...
(Reading database ... 44666 files and directories currently installed.)
Preparing to unpack .../libc6_2.41-12+deb13u3_amd64.deb ...
Unpacking libc6:amd64 (2.41-12+deb13u3) over (2.41-12) ...
Setting up libc6:amd64 (2.41-12+deb13u3) ...
(Reading database ... 44666 files and directories currently installed.)
Preparing to unpack .../libc-bin_2.41-12+deb13u3_amd64.deb ...
Unpacking libc-bin (2.41-12+deb13u3) over (2.41-12) ...
Setting up libc-bin (2.41-12+deb13u3) ...
Selecting previously unselected package liblocale-gettext-perl.
(Reading database ... 44666 files and directories currently installed.)
Preparing to unpack .../liblocale-gettext-perl_1.07-7+b1_amd64.deb ...
Unpacking liblocale-gettext-perl (1.07-7+b1) ...
Preparing to unpack .../openssl-provider-legacy_3.5.6-1~deb13u1_amd64.deb ...
Unpacking openssl-provider-legacy (3.5.6-1~deb13u1) over (3.5.1-1+deb13u1) ...
Setting up openssl-provider-legacy (3.5.6-1~deb13u1) ...
(Reading database ... 44678 files and directories currently installed.)
Preparing to unpack .../libssl3t64_3.5.6-1~deb13u1_amd64.deb ...
Unpacking libssl3t64:amd64 (3.5.6-1~deb13u1) over (3.5.1-1+deb13u1) ...
Setting up libssl3t64:amd64 (3.5.6-1~deb13u1) ...
Selecting previously unselected package bzip2.
(Reading database ... 44678 files and directories currently installed.)
Preparing to unpack .../00-bzip2_1.0.8-6_amd64.deb ...
Unpacking bzip2 (1.0.8-6) ...
Preparing to unpack .../01-libc-l10n_2.41-12+deb13u3_all.deb ...
Unpacking libc-l10n (2.41-12+deb13u3) over (2.41-12) ...
Preparing to unpack .../02-locales_2.41-12+deb13u3_all.deb ...
Unpacking locales (2.41-12+deb13u3) over (2.41-12) ...
Selecting previously unselected package m4.
Preparing to unpack .../03-m4_1.4.19-8_amd64.deb ...
Unpacking m4 (1.4.19-8) ...
Selecting previously unselected package autoconf.
Preparing to unpack .../04-autoconf_2.72-3.1_all.deb ...
Unpacking autoconf (2.72-3.1) ...
Selecting previously unselected package autotools-dev.
Preparing to unpack .../05-autotools-dev_20240727.1_all.deb ...
Unpacking autotools-dev (20240727.1) ...
Selecting previously unselected package automake.
Preparing to unpack .../06-automake_1%3a1.17-4_all.deb ...
Unpacking automake (1:1.17-4) ...
Selecting previously unselected package autopoint.
Preparing to unpack .../07-autopoint_0.23.1-2_all.deb ...
Unpacking autopoint (0.23.1-2) ...
Selecting previously unselected package libsframe1:amd64.
Preparing to unpack .../08-libsframe1_2.44-3_amd64.deb ...
Unpacking libsframe1:amd64 (2.44-3) ...
Selecting previously unselected package binutils-common:amd64.
Preparing to unpack .../09-binutils-common_2.44-3_amd64.deb ...
Unpacking binutils-common:amd64 (2.44-3) ...
Selecting previously unselected package libbinutils:amd64.
Preparing to unpack .../10-libbinutils_2.44-3_amd64.deb ...
Unpacking libbinutils:amd64 (2.44-3) ...
Selecting previously unselected package libgprofng0:amd64.
Preparing to unpack .../11-libgprofng0_2.44-3_amd64.deb ...
Unpacking libgprofng0:amd64 (2.44-3) ...
Selecting previously unselected package libctf-nobfd0:amd64.
Preparing to unpack .../12-libctf-nobfd0_2.44-3_amd64.deb ...
Unpacking libctf-nobfd0:amd64 (2.44-3) ...
Selecting previously unselected package libctf0:amd64.
Preparing to unpack .../13-libctf0_2.44-3_amd64.deb ...
Unpacking libctf0:amd64 (2.44-3) ...
Selecting previously unselected package libjansson4:amd64.
Preparing to unpack .../14-libjansson4_2.14-2+b3_amd64.deb ...
Unpacking libjansson4:amd64 (2.14-2+b3) ...
Selecting previously unselected package binutils-x86-64-linux-gnu.
Preparing to unpack .../15-binutils-x86-64-linux-gnu_2.44-3_amd64.deb ...
Unpacking binutils-x86-64-linux-gnu (2.44-3) ...
Selecting previously unselected package binutils.
Preparing to unpack .../16-binutils_2.44-3_amd64.deb ...
Unpacking binutils (2.44-3) ...
Selecting previously unselected package libc-dev-bin.
Preparing to unpack .../17-libc-dev-bin_2.41-12+deb13u3_amd64.deb ...
Unpacking libc-dev-bin (2.41-12+deb13u3) ...
Selecting previously unselected package linux-libc-dev.
Preparing to unpack .../18-linux-libc-dev_6.12.90-2_all.deb ...
Unpacking linux-libc-dev (6.12.90-2) ...
Selecting previously unselected package libcrypt-dev:amd64.
Preparing to unpack .../19-libcrypt-dev_1%3a4.4.38-1_amd64.deb ...
Unpacking libcrypt-dev:amd64 (1:4.4.38-1) ...
Selecting previously unselected package rpcsvc-proto.
Preparing to unpack .../20-rpcsvc-proto_1.4.3-1_amd64.deb ...
Unpacking rpcsvc-proto (1.4.3-1) ...
Selecting previously unselected package libc6-dev:amd64.
Preparing to unpack .../21-libc6-dev_2.41-12+deb13u3_amd64.deb ...
Unpacking libc6-dev:amd64 (2.41-12+deb13u3) ...
Selecting previously unselected package libisl23:amd64.
Preparing to unpack .../22-libisl23_0.27-1_amd64.deb ...
Unpacking libisl23:amd64 (0.27-1) ...
Selecting previously unselected package libmpfr6:amd64.
Preparing to unpack .../23-libmpfr6_4.2.2-1_amd64.deb ...
Unpacking libmpfr6:amd64 (4.2.2-1) ...
Selecting previously unselected package libmpc3:amd64.
Preparing to unpack .../24-libmpc3_1.3.1-1+b3_amd64.deb ...
Unpacking libmpc3:amd64 (1.3.1-1+b3) ...
Selecting previously unselected package cpp-14-x86-64-linux-gnu.
Preparing to unpack .../25-cpp-14-x86-64-linux-gnu_14.2.0-19_amd64.deb ...
Unpacking cpp-14-x86-64-linux-gnu (14.2.0-19) ...
Selecting previously unselected package cpp-14.
Preparing to unpack .../26-cpp-14_14.2.0-19_amd64.deb ...
Unpacking cpp-14 (14.2.0-19) ...
Selecting previously unselected package cpp-x86-64-linux-gnu.
Preparing to unpack .../27-cpp-x86-64-linux-gnu_4%3a14.2.0-1_amd64.deb ...
Unpacking cpp-x86-64-linux-gnu (4:14.2.0-1) ...
Selecting previously unselected package cpp.
Preparing to unpack .../28-cpp_4%3a14.2.0-1_amd64.deb ...
Unpacking cpp (4:14.2.0-1) ...
Selecting previously unselected package libcc1-0:amd64.
Preparing to unpack .../29-libcc1-0_14.2.0-19_amd64.deb ...
Unpacking libcc1-0:amd64 (14.2.0-19) ...
Selecting previously unselected package libitm1:amd64.
Preparing to unpack .../30-libitm1_14.2.0-19_amd64.deb ...
Unpacking libitm1:amd64 (14.2.0-19) ...
Selecting previously unselected package libasan8:amd64.
Preparing to unpack .../31-libasan8_14.2.0-19_amd64.deb ...
Unpacking libasan8:amd64 (14.2.0-19) ...
Selecting previously unselected package liblsan0:amd64.
Preparing to unpack .../32-liblsan0_14.2.0-19_amd64.deb ...
Unpacking liblsan0:amd64 (14.2.0-19) ...
Selecting previously unselected package libtsan2:amd64.
Preparing to unpack .../33-libtsan2_14.2.0-19_amd64.deb ...
Unpacking libtsan2:amd64 (14.2.0-19) ...
Selecting previously unselected package libubsan1:amd64.
Preparing to unpack .../34-libubsan1_14.2.0-19_amd64.deb ...
Unpacking libubsan1:amd64 (14.2.0-19) ...
Selecting previously unselected package libhwasan0:amd64.
Preparing to unpack .../35-libhwasan0_14.2.0-19_amd64.deb ...
Unpacking libhwasan0:amd64 (14.2.0-19) ...
Selecting previously unselected package libquadmath0:amd64.
Preparing to unpack .../36-libquadmath0_14.2.0-19_amd64.deb ...
Unpacking libquadmath0:amd64 (14.2.0-19) ...
Selecting previously unselected package libgcc-14-dev:amd64.
Preparing to unpack .../37-libgcc-14-dev_14.2.0-19_amd64.deb ...
Unpacking libgcc-14-dev:amd64 (14.2.0-19) ...
Selecting previously unselected package gcc-14-x86-64-linux-gnu.
Preparing to unpack .../38-gcc-14-x86-64-linux-gnu_14.2.0-19_amd64.deb ...
Unpacking gcc-14-x86-64-linux-gnu (14.2.0-19) ...
Selecting previously unselected package gcc-14.
Preparing to unpack .../39-gcc-14_14.2.0-19_amd64.deb ...
Unpacking gcc-14 (14.2.0-19) ...
Selecting previously unselected package gcc-x86-64-linux-gnu.
Preparing to unpack .../40-gcc-x86-64-linux-gnu_4%3a14.2.0-1_amd64.deb ...
Unpacking gcc-x86-64-linux-gnu (4:14.2.0-1) ...
Selecting previously unselected package gcc.
Preparing to unpack .../41-gcc_4%3a14.2.0-1_amd64.deb ...
Unpacking gcc (4:14.2.0-1) ...
Selecting previously unselected package libstdc++-14-dev:amd64.
Preparing to unpack .../42-libstdc++-14-dev_14.2.0-19_amd64.deb ...
Unpacking libstdc++-14-dev:amd64 (14.2.0-19) ...
Selecting previously unselected package g++-14-x86-64-linux-gnu.
Preparing to unpack .../43-g++-14-x86-64-linux-gnu_14.2.0-19_amd64.deb ...
Unpacking g++-14-x86-64-linux-gnu (14.2.0-19) ...
Selecting previously unselected package g++-14.
Preparing to unpack .../44-g++-14_14.2.0-19_amd64.deb ...
Unpacking g++-14 (14.2.0-19) ...
Selecting previously unselected package g++-x86-64-linux-gnu.
Preparing to unpack .../45-g++-x86-64-linux-gnu_4%3a14.2.0-1_amd64.deb ...
Unpacking g++-x86-64-linux-gnu (4:14.2.0-1) ...
Selecting previously unselected package g++.
Preparing to unpack .../46-g++_4%3a14.2.0-1_amd64.deb ...
Unpacking g++ (4:14.2.0-1) ...
Selecting previously unselected package make.
Preparing to unpack .../47-make_4.4.1-2_amd64.deb ...
Unpacking make (4.4.1-2) ...
Selecting previously unselected package libdpkg-perl.
Preparing to unpack .../48-libdpkg-perl_1.22.22_all.deb ...
Unpacking libdpkg-perl (1.22.22) ...
Selecting previously unselected package dpkg-dev.
Preparing to unpack .../49-dpkg-dev_1.22.22_all.deb ...
Unpacking dpkg-dev (1.22.22) ...
Selecting previously unselected package build-essential.
Preparing to unpack .../50-build-essential_12.12_amd64.deb ...
Unpacking build-essential (12.12) ...
Selecting previously unselected package dctrl-tools.
Preparing to unpack .../51-dctrl-tools_2.24-3+b1_amd64.deb ...
Unpacking dctrl-tools (2.24-3+b1) ...
Selecting previously unselected package libdebhelper-perl.
Preparing to unpack .../52-libdebhelper-perl_13.24.2_all.deb ...
Unpacking libdebhelper-perl (13.24.2) ...
Selecting previously unselected package libtool.
Preparing to unpack .../53-libtool_2.5.4-4_all.deb ...
Unpacking libtool (2.5.4-4) ...
Selecting previously unselected package dh-autoreconf.
Preparing to unpack .../54-dh-autoreconf_20_all.deb ...
Unpacking dh-autoreconf (20) ...
Selecting previously unselected package libfile-stripnondeterminism-perl.
Preparing to unpack .../55-libfile-stripnondeterminism-perl_1.14.1-2_all.deb ...
Unpacking libfile-stripnondeterminism-perl (1.14.1-2) ...
Selecting previously unselected package dh-strip-nondeterminism.
Preparing to unpack .../56-dh-strip-nondeterminism_1.14.1-2_all.deb ...
Unpacking dh-strip-nondeterminism (1.14.1-2) ...
Selecting previously unselected package dwz.
Preparing to unpack .../57-dwz_0.15-1+b1_amd64.deb ...
Unpacking dwz (0.15-1+b1) ...
Selecting previously unselected package gettext.
Preparing to unpack .../58-gettext_0.23.1-2_amd64.deb ...
Unpacking gettext (0.23.1-2) ...
Selecting previously unselected package intltool-debian.
Preparing to unpack .../59-intltool-debian_0.35.0+20060710.6_all.deb ...
Unpacking intltool-debian (0.35.0+20060710.6) ...
Selecting previously unselected package po-debconf.
Preparing to unpack .../60-po-debconf_1.0.21+nmu1_all.deb ...
Unpacking po-debconf (1.0.21+nmu1) ...
Selecting previously unselected package debhelper.
Preparing to unpack .../61-debhelper_13.24.2_all.deb ...
Unpacking debhelper (13.24.2) ...
Selecting previously unselected package libfakeroot:amd64.
Preparing to unpack .../62-libfakeroot_1.37.1.1-1_amd64.deb ...
Unpacking libfakeroot:amd64 (1.37.1.1-1) ...
Selecting previously unselected package fakeroot.
Preparing to unpack .../63-fakeroot_1.37.1.1-1_amd64.deb ...
Unpacking fakeroot (1.37.1.1-1) ...
Selecting previously unselected package libalgorithm-diff-perl.
Preparing to unpack .../64-libalgorithm-diff-perl_1.201-1_all.deb ...
Unpacking libalgorithm-diff-perl (1.201-1) ...
Selecting previously unselected package libalgorithm-diff-xs-perl.
Preparing to unpack .../65-libalgorithm-diff-xs-perl_0.04-9_amd64.deb ...
Unpacking libalgorithm-diff-xs-perl (0.04-9) ...
Selecting previously unselected package libalgorithm-merge-perl.
Preparing to unpack .../66-libalgorithm-merge-perl_0.08-5_all.deb ...
Unpacking libalgorithm-merge-perl (0.08-5) ...
Selecting previously unselected package libarchive-cpio-perl.
Preparing to unpack .../67-libarchive-cpio-perl_0.10-3_all.deb ...
Unpacking libarchive-cpio-perl (0.10-3) ...
Selecting previously unselected package libltdl-dev:amd64.
Preparing to unpack .../68-libltdl-dev_2.5.4-4_amd64.deb ...
Unpacking libltdl-dev:amd64 (2.5.4-4) ...
Selecting previously unselected package libsys-hostname-long-perl.
Preparing to unpack .../69-libsys-hostname-long-perl_1.5-3_all.deb ...
Unpacking libsys-hostname-long-perl (1.5-3) ...
Selecting previously unselected package libmail-sendmail-perl.
Preparing to unpack .../70-libmail-sendmail-perl_0.80-3_all.deb ...
Unpacking libmail-sendmail-perl (0.80-3) ...
Selecting previously unselected package libpcre2-16-0:amd64.
Preparing to unpack .../71-libpcre2-16-0_10.46-1~deb13u1_amd64.deb ...
Unpacking libpcre2-16-0:amd64 (10.46-1~deb13u1) ...
Selecting previously unselected package libpcre2-32-0:amd64.
Preparing to unpack .../72-libpcre2-32-0_10.46-1~deb13u1_amd64.deb ...
Unpacking libpcre2-32-0:amd64 (10.46-1~deb13u1) ...
Selecting previously unselected package libpcre2-dev:amd64.
Preparing to unpack .../73-libpcre2-dev_10.46-1~deb13u1_amd64.deb ...
Unpacking libpcre2-dev:amd64 (10.46-1~deb13u1) ...
Selecting previously unselected package libpkgconf3:amd64.
Preparing to unpack .../74-libpkgconf3_1.8.1-4_amd64.deb ...
Unpacking libpkgconf3:amd64 (1.8.1-4) ...
Selecting previously unselected package libssl-dev:amd64.
Preparing to unpack .../75-libssl-dev_3.5.6-1~deb13u1_amd64.deb ...
Unpacking libssl-dev:amd64 (3.5.6-1~deb13u1) ...
Selecting previously unselected package manpages-dev.
Preparing to unpack .../76-manpages-dev_6.9.1-1_all.deb ...
Unpacking manpages-dev (6.9.1-1) ...
Preparing to unpack .../77-openssl_3.5.6-1~deb13u1_amd64.deb ...
Unpacking openssl (3.5.6-1~deb13u1) over (3.5.1-1+deb13u1) ...
Selecting previously unselected package pkgconf-bin.
Preparing to unpack .../78-pkgconf-bin_1.8.1-4_amd64.deb ...
Unpacking pkgconf-bin (1.8.1-4) ...
Selecting previously unselected package pkgconf:amd64.
Preparing to unpack .../79-pkgconf_1.8.1-4_amd64.deb ...
Unpacking pkgconf:amd64 (1.8.1-4) ...
Selecting previously unselected package pkg-config:amd64.
Preparing to unpack .../80-pkg-config_1.8.1-4_amd64.deb ...
Unpacking pkg-config:amd64 (1.8.1-4) ...
Selecting previously unselected package shtool.
Preparing to unpack .../81-shtool_2.0.8-10_all.deb ...
Unpacking shtool (2.0.8-10) ...
Selecting previously unselected package php8.4-dev.
Preparing to unpack .../82-php8.4-dev_8.4.21-1~deb13u1_amd64.deb ...
Unpacking php8.4-dev (8.4.21-1~deb13u1) ...
Selecting previously unselected package php-dev.
Preparing to unpack .../83-php-dev_2%3a8.4+96_all.deb ...
Unpacking php-dev (2:8.4+96) ...
Selecting previously unselected package php-pear.
Preparing to unpack .../84-php-pear_1%3a1.10.16+submodules+notgz-3_all.deb ...
Unpacking php-pear (1:1.10.16+submodules+notgz-3) ...
Selecting previously unselected package pkg-php-tools.
Preparing to unpack .../85-pkg-php-tools_1.49_all.deb ...
Unpacking pkg-php-tools (1.49) ...
Selecting previously unselected package sq.
Preparing to unpack .../86-sq_1.3.1-2+b2_amd64.deb ...
Unpacking sq (1.3.1-2+b2) ...
Setting up libfile-stripnondeterminism-perl (1.14.1-2) ...
Setting up shtool (2.0.8-10) ...
Setting up manpages-dev (6.9.1-1) ...
Setting up php-pear (1:1.10.16+submodules+notgz-3) ...
Setting up libc-l10n (2.41-12+deb13u3) ...
Setting up gettext (0.23.1-2) ...
Setting up libalgorithm-diff-perl (1.201-1) ...
Setting up libdebhelper-perl (13.24.2) ...
Setting up binutils-common:amd64 (2.44-3) ...
Setting up linux-libc-dev (6.12.90-2) ...
Setting up libctf-nobfd0:amd64 (2.44-3) ...
Setting up m4 (1.4.19-8) ...
Setting up sq (1.3.1-2+b2) ...
Setting up bzip2 (1.0.8-6) ...
Setting up locales (2.41-12+deb13u3) ...
Generating locales (this might take a while)...
Generation complete.
Setting up libpcre2-16-0:amd64 (10.46-1~deb13u1) ...
Setting up libsframe1:amd64 (2.44-3) ...
Setting up libfakeroot:amd64 (1.37.1.1-1) ...
Setting up libjansson4:amd64 (2.14-2+b3) ...
Setting up intltool-debian (0.35.0+20060710.6) ...
Setting up fakeroot (1.37.1.1-1) ...
update-alternatives: using /usr/bin/fakeroot-sysv to provide /usr/bin/fakeroot (fakeroot) in auto mode
Setting up autotools-dev (20240727.1) ...
Setting up libpcre2-32-0:amd64 (10.46-1~deb13u1) ...
Setting up libpkgconf3:amd64 (1.8.1-4) ...
Setting up rpcsvc-proto (1.4.3-1) ...
Setting up make (4.4.1-2) ...
Setting up libmpfr6:amd64 (4.2.2-1) ...
Setting up libquadmath0:amd64 (14.2.0-19) ...
Setting up libssl-dev:amd64 (3.5.6-1~deb13u1) ...
Setting up libmpc3:amd64 (1.3.1-1+b3) ...
Setting up autopoint (0.23.1-2) ...
Setting up pkgconf-bin (1.8.1-4) ...
Setting up libdpkg-perl (1.22.22) ...
Setting up autoconf (2.72-3.1) ...
Setting up libubsan1:amd64 (14.2.0-19) ...
Setting up dh-strip-nondeterminism (1.14.1-2) ...
Setting up dwz (0.15-1+b1) ...
Setting up libhwasan0:amd64 (14.2.0-19) ...
Setting up libcrypt-dev:amd64 (1:4.4.38-1) ...
Setting up libarchive-cpio-perl (0.10-3) ...
Setting up libasan8:amd64 (14.2.0-19) ...
Setting up libtsan2:amd64 (14.2.0-19) ...
Setting up libbinutils:amd64 (2.44-3) ...
Setting up libisl23:amd64 (0.27-1) ...
Setting up libc-dev-bin (2.41-12+deb13u3) ...
Setting up openssl (3.5.6-1~deb13u1) ...
Setting up libsys-hostname-long-perl (1.5-3) ...
Setting up libalgorithm-diff-xs-perl (0.04-9) ...
Setting up libcc1-0:amd64 (14.2.0-19) ...
Setting up liblocale-gettext-perl (1.07-7+b1) ...
Setting up liblsan0:amd64 (14.2.0-19) ...
Setting up dctrl-tools (2.24-3+b1) ...
Setting up libitm1:amd64 (14.2.0-19) ...
Setting up libalgorithm-merge-perl (0.08-5) ...
Setting up libctf0:amd64 (2.44-3) ...
Setting up automake (1:1.17-4) ...
update-alternatives: using /usr/bin/automake-1.17 to provide /usr/bin/automake (automake) in auto mode
Setting up po-debconf (1.0.21+nmu1) ...
Setting up pkgconf:amd64 (1.8.1-4) ...
Setting up libmail-sendmail-perl (0.80-3) ...
Setting up libltdl-dev:amd64 (2.5.4-4) ...
Setting up libgprofng0:amd64 (2.44-3) ...
Setting up pkg-config:amd64 (1.8.1-4) ...
Setting up cpp-14-x86-64-linux-gnu (14.2.0-19) ...
Setting up cpp-14 (14.2.0-19) ...
Setting up libc6-dev:amd64 (2.41-12+deb13u3) ...
Setting up libgcc-14-dev:amd64 (14.2.0-19) ...
Setting up libstdc++-14-dev:amd64 (14.2.0-19) ...
Setting up binutils-x86-64-linux-gnu (2.44-3) ...
Setting up cpp-x86-64-linux-gnu (4:14.2.0-1) ...
Setting up libpcre2-dev:amd64 (10.46-1~deb13u1) ...
Setting up binutils (2.44-3) ...
Setting up dpkg-dev (1.22.22) ...
Setting up cpp (4:14.2.0-1) ...
Setting up gcc-14-x86-64-linux-gnu (14.2.0-19) ...
Setting up gcc-x86-64-linux-gnu (4:14.2.0-1) ...
Setting up gcc-14 (14.2.0-19) ...
Setting up g++-14-x86-64-linux-gnu (14.2.0-19) ...
Setting up g++-x86-64-linux-gnu (4:14.2.0-1) ...
Setting up g++-14 (14.2.0-19) ...
Setting up libtool (2.5.4-4) ...
Setting up gcc (4:14.2.0-1) ...
Setting up dh-autoreconf (20) ...
Setting up g++ (4:14.2.0-1) ...
update-alternatives: using /usr/bin/g++ to provide /usr/bin/c++ (c++) in auto mode
Setting up build-essential (12.12) ...
Setting up php8.4-dev (8.4.21-1~deb13u1) ...
update-alternatives: using /usr/bin/php-config8.4 to provide /usr/bin/php-config (php-config) in auto mode
update-alternatives: using /usr/bin/phpize8.4 to provide /usr/bin/phpize (phpize) in auto mode
Setting up php-dev (2:8.4+96) ...
update-alternatives: using /usr/bin/php-config.default to provide /usr/bin/php-config (php-config) in auto mode
update-alternatives: using /usr/bin/phpize.default to provide /usr/bin/phpize (phpize) in auto mode
Setting up debhelper (13.24.2) ...
Setting up pkg-php-tools (1.49) ...
Processing triggers for systemd (257.8-1~deb13u2) ...
Processing triggers for man-db (2.13.1-1) ...
Processing triggers for libc-bin (2.41-12+deb13u3) ...
--2026-06-02 23:23:16--  https://pecl.php.net/get/apcu-5.1.28.tgz
Resolving pecl.php.net (pecl.php.net)... 185.85.0.29, 2a02:cb40:200::1ad
Connecting to pecl.php.net (pecl.php.net)|185.85.0.29|:443... connected.
HTTP request sent, awaiting response... 200 OK
Length: 94004 (92K) [application/octet-stream]
Saving to: ‘apcu-5.1.28.tgz’

     0K .......... .......... .......... .......... .......... 54% 3.59M 0s
    50K .......... .......... .......... .......... .         100%  174M=0.01s

2026-06-02 23:23:16 (6.48 MB/s) - ‘apcu-5.1.28.tgz’ saved [94004/94004]

Configuring for:
PHP Version:             8.4
PHP Api Version:         20240924
Zend Module Api No:      20240924
Zend Extension Api No:   420240924
configure.ac:154: warning: The macro 'AC_PROG_LIBTOOL' is obsolete.
configure.ac:154: You should run autoupdate.
build/libtool.m4:100: AC_PROG_LIBTOOL is expanded from...
configure.ac:154: the top level
checking for grep that handles long lines and -e... /usr/bin/grep
checking for egrep... /usr/bin/grep -E
checking for a sed that does not truncate output... /usr/bin/sed
checking build system type... x86_64-pc-linux-gnu
checking host system type... x86_64-pc-linux-gnu
checking target system type... x86_64-pc-linux-gnu
checking for gawk... no
checking for nawk... nawk
checking if nawk is broken... no
checking for pkg-config... /usr/bin/pkg-config
checking pkg-config is at least version 0.9.0... yes
checking for cc... cc
checking whether the C compiler works... yes
checking for C compiler default output file name... a.out
checking for suffix of executables...
checking whether we are cross compiling... no
checking for suffix of object files... o
checking whether the compiler supports GNU C... yes
checking whether cc accepts -g... yes
checking for cc option to enable C11 features... none needed
checking how to run the C preprocessor... cc -E
checking for egrep -e... (cached) /usr/bin/grep -E
checking for icc... no
checking for suncc... no
checking for system library directory... lib
checking if compiler supports -Wl,-rpath,... yes
checking for PHP prefix... /usr
checking for PHP includes... -I/usr/include/php/20240924 -I/usr/include/php/20240924/main -I/usr/include/php/20240924/TSRM -I/usr/include/php/20240924/Zend -I/usr/include/php/20240924/ext -I/usr/include/php/20240924/ext/date/lib
checking for PHP extension directory... /usr/lib/php/20240924
checking for PHP installed headers prefix... /usr/include/php/20240924
checking if debugging is enabled... no
checking if PHP is built with thread safety (ZTS)... no

Configuring extension
checking whether to enable APCu support... yes, shared
checking if APCu should be allowed to use rwlocks... yes
checking if APCu should be built in debug mode... no
checking if APCu should clear on SIGUSR1... no
checking if APCu should use mmap instead of shm... yes
checking if APCu should utilize spinlocks before flocks... no
checking whether to enable Valgrind-based memory checks... yes
checking whether to include code coverage symbols... no
checking for stdio.h... yes
checking for stdlib.h... yes
checking for string.h... yes
checking for inttypes.h... yes
checking for stdint.h... yes
checking for strings.h... yes
checking for sys/stat.h... yes
checking for sys/types.h... yes
checking for unistd.h... yes
checking for valgrind/memcheck.h... no
configure: Valgrind-based memory checks are disabled.
checking whether the target compiler supports builtin atomics... yes
checking for pthread rwlocks... yes
checking for pthread mutexes... yes
checking for sigaction... yes
checking whether the C compiler accepts -Wall... yes
checking whether the C compiler accepts -Wextra... yes
checking whether the C compiler accepts -Wno-clobbered... yes
checking whether the C compiler accepts -Wno-unused-parameter... yes
checking for library containing shm_open... none required

Configuring libtool
checking how to print strings... printf
checking for a sed that does not truncate output... (cached) /usr/bin/sed
checking for fgrep... /usr/bin/grep -F
checking for ld used by cc... /usr/bin/ld
checking if the linker (/usr/bin/ld) is GNU ld... yes
checking for BSD- or MS-compatible name lister (nm)... /usr/bin/nm -B
checking the name lister (/usr/bin/nm -B) interface... BSD nm
checking whether ln -s works... yes
checking the maximum length of command line arguments... 1572864
checking how to convert x86_64-pc-linux-gnu file names to x86_64-pc-linux-gnu format... func_convert_file_noop
checking how to convert x86_64-pc-linux-gnu file names to toolchain format... func_convert_file_noop
checking for /usr/bin/ld option to reload object files... -r
checking for file... file
checking for objdump... objdump
checking how to recognize dependent libraries... pass_all
checking for dlltool... no
checking how to associate runtime and link libraries... printf %s\n
checking for ranlib... ranlib
checking for ar... ar
checking for archiver @FILE support... @
checking for strip... strip
checking for gawk... (cached) nawk
checking command to parse /usr/bin/nm -B output from cc object... ok
checking for sysroot... no
checking for a working dd... /usr/bin/dd
checking how to truncate binary pipes... /usr/bin/dd bs=4096 count=1
checking for mt... mt
checking if mt is a manifest tool... no
checking for dlfcn.h... yes
checking for objdir... .libs
checking if cc supports -fno-rtti -fno-exceptions... no
checking for cc option to produce PIC... -fPIC -DPIC
checking if cc PIC flag -fPIC -DPIC works... yes
checking if cc static flag -static works... yes
checking if cc supports -c -o file.o... yes
checking if cc supports -c -o file.o... (cached) yes
checking whether the cc linker (/usr/bin/ld -m elf_x86_64) supports shared libraries... yes
checking whether -lc should be explicitly linked in... no
checking dynamic linker characteristics... GNU/Linux ld.so
checking how to hardcode library paths into programs... immediate
checking whether stripping libraries is possible... yes
checking if libtool supports shared libraries... yes
checking whether to build shared libraries... yes
checking whether to build static libraries... no

Generating files
configure: creating build directories
configure: creating Makefile
configure: patching config.h.in
configure: creating ./config.status
config.status: creating config.h
config.status: executing libtool commands
/bin/bash /tmp/apcu-5.1.28/libtool --tag=CC --mode=compile cc -I. -I/tmp/apcu-5.1.28 -I/usr/include/php/20240924 -I/usr/include/php/20240924/main -I/usr/include/php/20240924/TSRM -I/usr/include/php/20240924/Zend -I/usr/include/php/20240924/ext -I/usr/include/php/20240924/ext/date/lib  -DHAVE_CONFIG_H  -g -O2 -D_GNU_SOURCE   -D_GNU_SOURCE -DZEND_ENABLE_STATIC_TSRMLS_CACHE=1 -Wall -Wextra -Wno-clobbered -Wno-unused-parameter -DZEND_COMPILE_DL_EXT=1 -c /tmp/apcu-5.1.28/apc.c -o apc.lo  -MMD -MF apc.dep -MT apc.lo
libtool: compile:  cc -I. -I/tmp/apcu-5.1.28 -I/usr/include/php/20240924 -I/usr/include/php/20240924/main -I/usr/include/php/20240924/TSRM -I/usr/include/php/20240924/Zend -I/usr/include/php/20240924/ext -I/usr/include/php/20240924/ext/date/lib -DHAVE_CONFIG_H -g -O2 -D_GNU_SOURCE -D_GNU_SOURCE -DZEND_ENABLE_STATIC_TSRMLS_CACHE=1 -Wall -Wextra -Wno-clobbered -Wno-unused-parameter -DZEND_COMPILE_DL_EXT=1 -c /tmp/apcu-5.1.28/apc.c -MMD -MF apc.dep -MT apc.lo  -fPIC -DPIC -o .libs/apc.o
/bin/bash /tmp/apcu-5.1.28/libtool --tag=CC --mode=compile cc -I. -I/tmp/apcu-5.1.28 -I/usr/include/php/20240924 -I/usr/include/php/20240924/main -I/usr/include/php/20240924/TSRM -I/usr/include/php/20240924/Zend -I/usr/include/php/20240924/ext -I/usr/include/php/20240924/ext/date/lib  -DHAVE_CONFIG_H  -g -O2 -D_GNU_SOURCE   -D_GNU_SOURCE -DZEND_ENABLE_STATIC_TSRMLS_CACHE=1 -Wall -Wextra -Wno-clobbered -Wno-unused-parameter -DZEND_COMPILE_DL_EXT=1 -c /tmp/apcu-5.1.28/apc_lock.c -o apc_lock.lo  -MMD -MF apc_lock.dep -MT apc_lock.lo
libtool: compile:  cc -I. -I/tmp/apcu-5.1.28 -I/usr/include/php/20240924 -I/usr/include/php/20240924/main -I/usr/include/php/20240924/TSRM -I/usr/include/php/20240924/Zend -I/usr/include/php/20240924/ext -I/usr/include/php/20240924/ext/date/lib -DHAVE_CONFIG_H -g -O2 -D_GNU_SOURCE -D_GNU_SOURCE -DZEND_ENABLE_STATIC_TSRMLS_CACHE=1 -Wall -Wextra -Wno-clobbered -Wno-unused-parameter -DZEND_COMPILE_DL_EXT=1 -c /tmp/apcu-5.1.28/apc_lock.c -MMD -MF apc_lock.dep -MT apc_lock.lo  -fPIC -DPIC -o .libs/apc_lock.o
/bin/bash /tmp/apcu-5.1.28/libtool --tag=CC --mode=compile cc -I. -I/tmp/apcu-5.1.28 -I/usr/include/php/20240924 -I/usr/include/php/20240924/main -I/usr/include/php/20240924/TSRM -I/usr/include/php/20240924/Zend -I/usr/include/php/20240924/ext -I/usr/include/php/20240924/ext/date/lib  -DHAVE_CONFIG_H  -g -O2 -D_GNU_SOURCE   -D_GNU_SOURCE -DZEND_ENABLE_STATIC_TSRMLS_CACHE=1 -Wall -Wextra -Wno-clobbered -Wno-unused-parameter -DZEND_COMPILE_DL_EXT=1 -c /tmp/apcu-5.1.28/apc_mutex.c -o apc_mutex.lo  -MMD -MF apc_mutex.dep -MT apc_mutex.lo
libtool: compile:  cc -I. -I/tmp/apcu-5.1.28 -I/usr/include/php/20240924 -I/usr/include/php/20240924/main -I/usr/include/php/20240924/TSRM -I/usr/include/php/20240924/Zend -I/usr/include/php/20240924/ext -I/usr/include/php/20240924/ext/date/lib -DHAVE_CONFIG_H -g -O2 -D_GNU_SOURCE -D_GNU_SOURCE -DZEND_ENABLE_STATIC_TSRMLS_CACHE=1 -Wall -Wextra -Wno-clobbered -Wno-unused-parameter -DZEND_COMPILE_DL_EXT=1 -c /tmp/apcu-5.1.28/apc_mutex.c -MMD -MF apc_mutex.dep -MT apc_mutex.lo  -fPIC -DPIC -o .libs/apc_mutex.o
/bin/bash /tmp/apcu-5.1.28/libtool --tag=CC --mode=compile cc -I. -I/tmp/apcu-5.1.28 -I/usr/include/php/20240924 -I/usr/include/php/20240924/main -I/usr/include/php/20240924/TSRM -I/usr/include/php/20240924/Zend -I/usr/include/php/20240924/ext -I/usr/include/php/20240924/ext/date/lib  -DHAVE_CONFIG_H  -g -O2 -D_GNU_SOURCE   -D_GNU_SOURCE -DZEND_ENABLE_STATIC_TSRMLS_CACHE=1 -Wall -Wextra -Wno-clobbered -Wno-unused-parameter -DZEND_COMPILE_DL_EXT=1 -c /tmp/apcu-5.1.28/php_apc.c -o php_apc.lo  -MMD -MF php_apc.dep -MT php_apc.lo
libtool: compile:  cc -I. -I/tmp/apcu-5.1.28 -I/usr/include/php/20240924 -I/usr/include/php/20240924/main -I/usr/include/php/20240924/TSRM -I/usr/include/php/20240924/Zend -I/usr/include/php/20240924/ext -I/usr/include/php/20240924/ext/date/lib -DHAVE_CONFIG_H -g -O2 -D_GNU_SOURCE -D_GNU_SOURCE -DZEND_ENABLE_STATIC_TSRMLS_CACHE=1 -Wall -Wextra -Wno-clobbered -Wno-unused-parameter -DZEND_COMPILE_DL_EXT=1 -c /tmp/apcu-5.1.28/php_apc.c -MMD -MF php_apc.dep -MT php_apc.lo  -fPIC -DPIC -o .libs/php_apc.o
/bin/bash /tmp/apcu-5.1.28/libtool --tag=CC --mode=compile cc -I. -I/tmp/apcu-5.1.28 -I/usr/include/php/20240924 -I/usr/include/php/20240924/main -I/usr/include/php/20240924/TSRM -I/usr/include/php/20240924/Zend -I/usr/include/php/20240924/ext -I/usr/include/php/20240924/ext/date/lib  -DHAVE_CONFIG_H  -g -O2 -D_GNU_SOURCE   -D_GNU_SOURCE -DZEND_ENABLE_STATIC_TSRMLS_CACHE=1 -Wall -Wextra -Wno-clobbered -Wno-unused-parameter -DZEND_COMPILE_DL_EXT=1 -c /tmp/apcu-5.1.28/apc_cache.c -o apc_cache.lo  -MMD -MF apc_cache.dep -MT apc_cache.lo
libtool: compile:  cc -I. -I/tmp/apcu-5.1.28 -I/usr/include/php/20240924 -I/usr/include/php/20240924/main -I/usr/include/php/20240924/TSRM -I/usr/include/php/20240924/Zend -I/usr/include/php/20240924/ext -I/usr/include/php/20240924/ext/date/lib -DHAVE_CONFIG_H -g -O2 -D_GNU_SOURCE -D_GNU_SOURCE -DZEND_ENABLE_STATIC_TSRMLS_CACHE=1 -Wall -Wextra -Wno-clobbered -Wno-unused-parameter -DZEND_COMPILE_DL_EXT=1 -c /tmp/apcu-5.1.28/apc_cache.c -MMD -MF apc_cache.dep -MT apc_cache.lo  -fPIC -DPIC -o .libs/apc_cache.o
/bin/bash /tmp/apcu-5.1.28/libtool --tag=CC --mode=compile cc -I. -I/tmp/apcu-5.1.28 -I/usr/include/php/20240924 -I/usr/include/php/20240924/main -I/usr/include/php/20240924/TSRM -I/usr/include/php/20240924/Zend -I/usr/include/php/20240924/ext -I/usr/include/php/20240924/ext/date/lib  -DHAVE_CONFIG_H  -g -O2 -D_GNU_SOURCE   -D_GNU_SOURCE -DZEND_ENABLE_STATIC_TSRMLS_CACHE=1 -Wall -Wextra -Wno-clobbered -Wno-unused-parameter -DZEND_COMPILE_DL_EXT=1 -c /tmp/apcu-5.1.28/apc_mmap.c -o apc_mmap.lo  -MMD -MF apc_mmap.dep -MT apc_mmap.lo
libtool: compile:  cc -I. -I/tmp/apcu-5.1.28 -I/usr/include/php/20240924 -I/usr/include/php/20240924/main -I/usr/include/php/20240924/TSRM -I/usr/include/php/20240924/Zend -I/usr/include/php/20240924/ext -I/usr/include/php/20240924/ext/date/lib -DHAVE_CONFIG_H -g -O2 -D_GNU_SOURCE -D_GNU_SOURCE -DZEND_ENABLE_STATIC_TSRMLS_CACHE=1 -Wall -Wextra -Wno-clobbered -Wno-unused-parameter -DZEND_COMPILE_DL_EXT=1 -c /tmp/apcu-5.1.28/apc_mmap.c -MMD -MF apc_mmap.dep -MT apc_mmap.lo  -fPIC -DPIC -o .libs/apc_mmap.o
/bin/bash /tmp/apcu-5.1.28/libtool --tag=CC --mode=compile cc -I. -I/tmp/apcu-5.1.28 -I/usr/include/php/20240924 -I/usr/include/php/20240924/main -I/usr/include/php/20240924/TSRM -I/usr/include/php/20240924/Zend -I/usr/include/php/20240924/ext -I/usr/include/php/20240924/ext/date/lib  -DHAVE_CONFIG_H  -g -O2 -D_GNU_SOURCE   -D_GNU_SOURCE -DZEND_ENABLE_STATIC_TSRMLS_CACHE=1 -Wall -Wextra -Wno-clobbered -Wno-unused-parameter -DZEND_COMPILE_DL_EXT=1 -c /tmp/apcu-5.1.28/apc_shm.c -o apc_shm.lo  -MMD -MF apc_shm.dep -MT apc_shm.lo
libtool: compile:  cc -I. -I/tmp/apcu-5.1.28 -I/usr/include/php/20240924 -I/usr/include/php/20240924/main -I/usr/include/php/20240924/TSRM -I/usr/include/php/20240924/Zend -I/usr/include/php/20240924/ext -I/usr/include/php/20240924/ext/date/lib -DHAVE_CONFIG_H -g -O2 -D_GNU_SOURCE -D_GNU_SOURCE -DZEND_ENABLE_STATIC_TSRMLS_CACHE=1 -Wall -Wextra -Wno-clobbered -Wno-unused-parameter -DZEND_COMPILE_DL_EXT=1 -c /tmp/apcu-5.1.28/apc_shm.c -MMD -MF apc_shm.dep -MT apc_shm.lo  -fPIC -DPIC -o .libs/apc_shm.o
/bin/bash /tmp/apcu-5.1.28/libtool --tag=CC --mode=compile cc -I. -I/tmp/apcu-5.1.28 -I/usr/include/php/20240924 -I/usr/include/php/20240924/main -I/usr/include/php/20240924/TSRM -I/usr/include/php/20240924/Zend -I/usr/include/php/20240924/ext -I/usr/include/php/20240924/ext/date/lib  -DHAVE_CONFIG_H  -g -O2 -D_GNU_SOURCE   -D_GNU_SOURCE -DZEND_ENABLE_STATIC_TSRMLS_CACHE=1 -Wall -Wextra -Wno-clobbered -Wno-unused-parameter -DZEND_COMPILE_DL_EXT=1 -c /tmp/apcu-5.1.28/apc_sma.c -o apc_sma.lo  -MMD -MF apc_sma.dep -MT apc_sma.lo
libtool: compile:  cc -I. -I/tmp/apcu-5.1.28 -I/usr/include/php/20240924 -I/usr/include/php/20240924/main -I/usr/include/php/20240924/TSRM -I/usr/include/php/20240924/Zend -I/usr/include/php/20240924/ext -I/usr/include/php/20240924/ext/date/lib -DHAVE_CONFIG_H -g -O2 -D_GNU_SOURCE -D_GNU_SOURCE -DZEND_ENABLE_STATIC_TSRMLS_CACHE=1 -Wall -Wextra -Wno-clobbered -Wno-unused-parameter -DZEND_COMPILE_DL_EXT=1 -c /tmp/apcu-5.1.28/apc_sma.c -MMD -MF apc_sma.dep -MT apc_sma.lo  -fPIC -DPIC -o .libs/apc_sma.o
/bin/bash /tmp/apcu-5.1.28/libtool --tag=CC --mode=compile cc -I. -I/tmp/apcu-5.1.28 -I/usr/include/php/20240924 -I/usr/include/php/20240924/main -I/usr/include/php/20240924/TSRM -I/usr/include/php/20240924/Zend -I/usr/include/php/20240924/ext -I/usr/include/php/20240924/ext/date/lib  -DHAVE_CONFIG_H  -g -O2 -D_GNU_SOURCE   -D_GNU_SOURCE -DZEND_ENABLE_STATIC_TSRMLS_CACHE=1 -Wall -Wextra -Wno-clobbered -Wno-unused-parameter -DZEND_COMPILE_DL_EXT=1 -c /tmp/apcu-5.1.28/apc_stack.c -o apc_stack.lo  -MMD -MF apc_stack.dep -MT apc_stack.lo
libtool: compile:  cc -I. -I/tmp/apcu-5.1.28 -I/usr/include/php/20240924 -I/usr/include/php/20240924/main -I/usr/include/php/20240924/TSRM -I/usr/include/php/20240924/Zend -I/usr/include/php/20240924/ext -I/usr/include/php/20240924/ext/date/lib -DHAVE_CONFIG_H -g -O2 -D_GNU_SOURCE -D_GNU_SOURCE -DZEND_ENABLE_STATIC_TSRMLS_CACHE=1 -Wall -Wextra -Wno-clobbered -Wno-unused-parameter -DZEND_COMPILE_DL_EXT=1 -c /tmp/apcu-5.1.28/apc_stack.c -MMD -MF apc_stack.dep -MT apc_stack.lo  -fPIC -DPIC -o .libs/apc_stack.o
/bin/bash /tmp/apcu-5.1.28/libtool --tag=CC --mode=compile cc -I. -I/tmp/apcu-5.1.28 -I/usr/include/php/20240924 -I/usr/include/php/20240924/main -I/usr/include/php/20240924/TSRM -I/usr/include/php/20240924/Zend -I/usr/include/php/20240924/ext -I/usr/include/php/20240924/ext/date/lib  -DHAVE_CONFIG_H  -g -O2 -D_GNU_SOURCE   -D_GNU_SOURCE -DZEND_ENABLE_STATIC_TSRMLS_CACHE=1 -Wall -Wextra -Wno-clobbered -Wno-unused-parameter -DZEND_COMPILE_DL_EXT=1 -c /tmp/apcu-5.1.28/apc_signal.c -o apc_signal.lo  -MMD -MF apc_signal.dep -MT apc_signal.lo
libtool: compile:  cc -I. -I/tmp/apcu-5.1.28 -I/usr/include/php/20240924 -I/usr/include/php/20240924/main -I/usr/include/php/20240924/TSRM -I/usr/include/php/20240924/Zend -I/usr/include/php/20240924/ext -I/usr/include/php/20240924/ext/date/lib -DHAVE_CONFIG_H -g -O2 -D_GNU_SOURCE -D_GNU_SOURCE -DZEND_ENABLE_STATIC_TSRMLS_CACHE=1 -Wall -Wextra -Wno-clobbered -Wno-unused-parameter -DZEND_COMPILE_DL_EXT=1 -c /tmp/apcu-5.1.28/apc_signal.c -MMD -MF apc_signal.dep -MT apc_signal.lo  -fPIC -DPIC -o .libs/apc_signal.o
/bin/bash /tmp/apcu-5.1.28/libtool --tag=CC --mode=compile cc -I. -I/tmp/apcu-5.1.28 -I/usr/include/php/20240924 -I/usr/include/php/20240924/main -I/usr/include/php/20240924/TSRM -I/usr/include/php/20240924/Zend -I/usr/include/php/20240924/ext -I/usr/include/php/20240924/ext/date/lib  -DHAVE_CONFIG_H  -g -O2 -D_GNU_SOURCE   -D_GNU_SOURCE -DZEND_ENABLE_STATIC_TSRMLS_CACHE=1 -Wall -Wextra -Wno-clobbered -Wno-unused-parameter -DZEND_COMPILE_DL_EXT=1 -c /tmp/apcu-5.1.28/apc_time.c -o apc_time.lo  -MMD -MF apc_time.dep -MT apc_time.lo
libtool: compile:  cc -I. -I/tmp/apcu-5.1.28 -I/usr/include/php/20240924 -I/usr/include/php/20240924/main -I/usr/include/php/20240924/TSRM -I/usr/include/php/20240924/Zend -I/usr/include/php/20240924/ext -I/usr/include/php/20240924/ext/date/lib -DHAVE_CONFIG_H -g -O2 -D_GNU_SOURCE -D_GNU_SOURCE -DZEND_ENABLE_STATIC_TSRMLS_CACHE=1 -Wall -Wextra -Wno-clobbered -Wno-unused-parameter -DZEND_COMPILE_DL_EXT=1 -c /tmp/apcu-5.1.28/apc_time.c -MMD -MF apc_time.dep -MT apc_time.lo  -fPIC -DPIC -o .libs/apc_time.o
/bin/bash /tmp/apcu-5.1.28/libtool --tag=CC --mode=compile cc -I. -I/tmp/apcu-5.1.28 -I/usr/include/php/20240924 -I/usr/include/php/20240924/main -I/usr/include/php/20240924/TSRM -I/usr/include/php/20240924/Zend -I/usr/include/php/20240924/ext -I/usr/include/php/20240924/ext/date/lib  -DHAVE_CONFIG_H  -g -O2 -D_GNU_SOURCE   -D_GNU_SOURCE -DZEND_ENABLE_STATIC_TSRMLS_CACHE=1 -Wall -Wextra -Wno-clobbered -Wno-unused-parameter -DZEND_COMPILE_DL_EXT=1 -c /tmp/apcu-5.1.28/apc_iterator.c -o apc_iterator.lo  -MMD -MF apc_iterator.dep -MT apc_iterator.lo
libtool: compile:  cc -I. -I/tmp/apcu-5.1.28 -I/usr/include/php/20240924 -I/usr/include/php/20240924/main -I/usr/include/php/20240924/TSRM -I/usr/include/php/20240924/Zend -I/usr/include/php/20240924/ext -I/usr/include/php/20240924/ext/date/lib -DHAVE_CONFIG_H -g -O2 -D_GNU_SOURCE -D_GNU_SOURCE -DZEND_ENABLE_STATIC_TSRMLS_CACHE=1 -Wall -Wextra -Wno-clobbered -Wno-unused-parameter -DZEND_COMPILE_DL_EXT=1 -c /tmp/apcu-5.1.28/apc_iterator.c -MMD -MF apc_iterator.dep -MT apc_iterator.lo  -fPIC -DPIC -o .libs/apc_iterator.o
/bin/bash /tmp/apcu-5.1.28/libtool --tag=CC --mode=compile cc -I. -I/tmp/apcu-5.1.28 -I/usr/include/php/20240924 -I/usr/include/php/20240924/main -I/usr/include/php/20240924/TSRM -I/usr/include/php/20240924/Zend -I/usr/include/php/20240924/ext -I/usr/include/php/20240924/ext/date/lib  -DHAVE_CONFIG_H  -g -O2 -D_GNU_SOURCE   -D_GNU_SOURCE -DZEND_ENABLE_STATIC_TSRMLS_CACHE=1 -Wall -Wextra -Wno-clobbered -Wno-unused-parameter -DZEND_COMPILE_DL_EXT=1 -c /tmp/apcu-5.1.28/apc_persist.c -o apc_persist.lo  -MMD -MF apc_persist.dep -MT apc_persist.lo
libtool: compile:  cc -I. -I/tmp/apcu-5.1.28 -I/usr/include/php/20240924 -I/usr/include/php/20240924/main -I/usr/include/php/20240924/TSRM -I/usr/include/php/20240924/Zend -I/usr/include/php/20240924/ext -I/usr/include/php/20240924/ext/date/lib -DHAVE_CONFIG_H -g -O2 -D_GNU_SOURCE -D_GNU_SOURCE -DZEND_ENABLE_STATIC_TSRMLS_CACHE=1 -Wall -Wextra -Wno-clobbered -Wno-unused-parameter -DZEND_COMPILE_DL_EXT=1 -c /tmp/apcu-5.1.28/apc_persist.c -MMD -MF apc_persist.dep -MT apc_persist.lo  -fPIC -DPIC -o .libs/apc_persist.o
/bin/bash /tmp/apcu-5.1.28/libtool --tag=CC --mode=link cc -shared -I/usr/include/php/20240924 -I/usr/include/php/20240924/main -I/usr/include/php/20240924/TSRM -I/usr/include/php/20240924/Zend -I/usr/include/php/20240924/ext -I/usr/include/php/20240924/ext/date/lib  -DHAVE_CONFIG_H  -g -O2 -D_GNU_SOURCE    -o apcu.la -export-dynamic -avoid-version -prefer-pic -module -rpath /tmp/apcu-5.1.28/modules  apc.lo apc_lock.lo apc_mutex.lo php_apc.lo apc_cache.lo apc_mmap.lo apc_shm.lo apc_sma.lo apc_stack.lo apc_signal.lo apc_time.lo apc_iterator.lo apc_persist.lo
libtool: link: cc -shared  -fPIC -DPIC  .libs/apc.o .libs/apc_lock.o .libs/apc_mutex.o .libs/php_apc.o .libs/apc_cache.o .libs/apc_mmap.o .libs/apc_shm.o .libs/apc_sma.o .libs/apc_stack.o .libs/apc_signal.o .libs/apc_time.o .libs/apc_iterator.o .libs/apc_persist.o    -g -O2   -Wl,-soname -Wl,apcu.so -o .libs/apcu.so
libtool: link: ( cd ".libs" && rm -f "apcu.la" && ln -s "../apcu.la" "apcu.la" )
/bin/bash /tmp/apcu-5.1.28/libtool --tag=CC --mode=install cp ./apcu.la /tmp/apcu-5.1.28/modules
libtool: install: cp ./.libs/apcu.so /tmp/apcu-5.1.28/modules/apcu.so
libtool: install: cp ./.libs/apcu.lai /tmp/apcu-5.1.28/modules/apcu.la
libtool: finish: PATH="/usr/local/sbin:/usr/local/bin:/usr/sbin:/usr/bin:/sbin:/bin:/sbin" ldconfig -n /tmp/apcu-5.1.28/modules
----------------------------------------------------------------------
Libraries have been installed in:
   /tmp/apcu-5.1.28/modules

If you ever happen to want to link against installed libraries
in a given directory, LIBDIR, you must either use libtool, and
specify the full pathname of the library, or use the '-LLIBDIR'
flag during linking and do at least one of the following:
   - add LIBDIR to the 'LD_LIBRARY_PATH' environment variable
     during execution
   - add LIBDIR to the 'LD_RUN_PATH' environment variable
     during linking
   - use the '-Wl,-rpath -Wl,LIBDIR' linker flag
   - have your system administrator add LIBDIR to '/etc/ld.so.conf'

See any operating system documentation about shared libraries for
more information, such as the ld(1) and ld.so(8) manual pages.
----------------------------------------------------------------------

Build complete.
Don't forget to run 'make test'.

Installing shared extensions:     /usr/lib/php/20240924/
Installing header files:          /usr/include/php/20240924/
extension=apcu.so
### APCu installation completed ###
+ sudo apt-get install -y htop
Reading package lists...
Building dependency tree...
Reading state information...
Suggested packages:
  lm-sensors lsof strace
The following NEW packages will be installed:
  htop
0 upgraded, 1 newly installed, 0 to remove and 67 not upgraded.
Need to get 171 kB of archives.
After this operation, 434 kB of additional disk space will be used.
Get:1 file:/etc/apt/mirrors/debian.list Mirrorlist [38 B]
Get:2 https://cdn-aws.deb.debian.org/debian trixie/main amd64 htop amd64 3.4.1-5 [171 kB]
dpkg-preconfigure: unable to re-open stdin: No such file or directory
Fetched 171 kB in 0s (1250 kB/s)
Selecting previously unselected package htop.
(Reading database ... 55161 files and directories currently installed.)
Preparing to unpack .../htop_3.4.1-5_amd64.deb ...
Unpacking htop (3.4.1-5) ...
Setting up htop (3.4.1-5) ...
Processing triggers for hicolor-icon-theme (0.18-2) ...
Processing triggers for man-db (2.13.1-1) ...
+ sudo cp /tmp/bcparks-dam/src/resourcespace/files/update-slideshow.sh /tmp/
+ sudo chmod +x /tmp/update-slideshow.sh
+ sudo /tmp/update-slideshow.sh
Keeping oldest slideshow dir: /var/www/resourcespace/filestore/system/slideshow_a383ab9e2f595db
Slideshow directory in config.php updated to filestore/system/slideshow_a383ab9e2f595db
+ sudo rm /tmp/update-slideshow.sh
+ sudo cp /tmp/bcparks-dam/src/resourcespace/tools/efs-to-s3-export-setup.sh /mnt/s3-backup/
+ sudo cp /tmp/bcparks-dam/src/resourcespace/tools/s3-to-efs-import-setup.sh /mnt/s3-backup/
+ echo '### Cleaning up ###'
### Cleaning up ###
+ sudo rm -rf '/var/www/resourcespace/filestore/tmp/*'
+ echo '### Restarting services ###'
### Restarting services ###
++ systemctl list-units --type=service --all
++ grep -oP 'php[0-9.]*-fpm'
++ head -1
+ PHP_FPM_SERVICE=php8.4-fpm
+ '[' -n php8.4-fpm ']'
+ sudo systemctl restart php8.4-fpm
+ sudo systemctl restart nginx
+ echo '### Userdata script completed successfully ###'
### Userdata script completed successfully ###